Skater,Height,Weight,Position,Last Amateur Club,League,7/11/2022,11/15/2022,1/31/2023,3/7/2023,8/8/2022,11/1/2022,3/1/2023,9/29/2022,11/30/2022,1/10/2023,3/28/2023,9/22/2022,1/23/2023,9/20/2022,12/23/2022,4/19/2023,12/19/2022,1/17/2023,3/23/2023,12/19/2022,11/3/2022,8/23/2022,1/19/2023,2/8/2023,3/31/2023,10/19/2022,11/16/2022,12/14/2022,1/18/2023,2/15/2023,3/15/2023,4/12/2023,11/8/2022,1/31/2023,10/3/2022,1/26/2023,4/20/2023,11/25/2022,3/9/2023,2/9/2023,11/7/2022,1/12/2023,1/16/2023,5/1/2023,5/3/2023,10/11/2022,12/15/2022,4/25/2023,5/5/2023,5/5/2023,5/5/2023,5/2/2023,12/15/2022,2/6/2023,5/12/2023,5/11/2023,5/15/2023,5/17/2023,5/18/2023,5/28/2023,5/28/2023,5/29/2023,5/30/2023,5/31/2023,6/1/2023,6/5/2023,6/5/2023,6/6/2023
"BEDARD, CONNOR","5' 10""",185,CENTER,REGINA,WHL,1,1,1,1,1,1,1,1,1,1,1,1,1,1,1,1,1,1,1,1,1,1,1,1,1,1,1,1,1,1,1,1,1,1,1,1,1,1,1,1,1,1,1,1,1,1,1,1,1,1,1,1,1,1,1,1,1,1,1,1,1,1,1,1,1,1,1,1
"FANTILLI, ADAM","6' 2""",195,CENTER,MICHIGAN,BIG10,3,2,2,3,3,2,2,4,2,2,2,3,2,3,2,2,2,2,2,2,2,2,2,3,2,3,3,3,3,2,2,2,2,2,3,2,2,2,2,2,2,2,2,2,2,3,3,3,2,2,2,2,2,2,2,2,2,2,2,2,2,2,2,2,2,3,2,2
"MICHKOV, MATVEI","5' 10""",172,RIGHT WING,SKA ST. PETERSBURG,RUSSIA,2,3,3,2,2,3,3,3,5,5,4,2,4,2,3,3,4,4,4,5,3,3,4,2,4,2,4,4,4,4,3,3,4,4,2,3,3,5,4,3,3,3,3,3,3,2,2,2,5,3,4,3,3,3,3,3,4,5,4,3,5,3,3,4,4,2,4,3
"CARLSSON, LEO","6' 3""",198,CENTER,OREBRO,SWEDEN,15,4,4,4,6,4,4,6,3,3,3,5,3,4,4,4,3,3,3,3,4,19,3,4,3,4,2,2,2,3,4,4,3,3,7,4,4,3,3,4,5,6,7,4,4,6,4,4,4,4,3,4,4,4,6,4,3,3,3,4,3,4,4,3,3,4,3,4
"SMITH, WILLIAM","6' 0""",181,CENTER,USA U-18,NTDP,17,5,5,6,15,10,5,16,6,6,6,,6,15,8,7,7,8,9,6,8,15,5,5,5,17,10,7,5,5,6,5,9,5,19,7,6,17,8,6,17,5,6,5,5,23,15,5,3,5,6,5,7,6,5,7,6,4,5,6,4,5,5,5,5,5,7,5
"CHESLOCK, CHASE","6' 3""",208,DEFENSEMAN,ROGERS,HIGH-MN,,,,,,,,,,,,,,,,,,,,,,,,,,,,,,,,,,,,,,,,,,,,,,,,,,,,,,,,,,,,,,,,,,,117,5
"BENSON, ZACH","5' 9""",163,LEFT WING,WINNIPEG,WHL,4,12,12,13,4,5,6,9,9,9,8,7,5,5,5,5,6,5,5,4,6,9,9,6,6,6,6,6,8,6,5,6,10,7,6,5,5,4,5,5,6,4,4,6,17,8,6,6,8,7,7,6,5,5,4,6,14,7,8,5,6,7,17,7,8,6,5,6
"DVORSKY, DALIBOR","6' 1""",201,CENTER,AIK,SWEDEN-2,5,6,13,11,5,7,8,8,10,19,19,9,9,7,9,17,8,11,17,17,10,6,11,14,13,7,7,8,10,12,11,16,8,10,8,11,15,19,18,11,9,8,9,9,8,4,7,16,6,11,10,9,8,13,14,39,9,11,6,19,7,9,8,21,9,8,11,7
"SANDIN PELLIKKA, AXEL","5' 11""",176,DEFENSEMAN,SKELLEFTEA JR.,SWEDEN-JR.,,,24,18,,46,21,,27,10,10,,17,,12,10,12,13,14,9,29,,13,13,16,,,22,16,15,17,13,23,17,,10,14,13,11,12,,18,12,16,22,,24,11,,10,11,13,10,12,11,11,5,12,14,8,14,10,22,8,16,16,15,8
"MOORE, OLIVER","5' 11""",188,CENTER,USA U-18,NTDP,21,14,10,14,18,14,9,28,11,16,14,,11,21,18,6,9,7,6,21,22,20,14,15,18,21,16,12,11,16,18,14,29,12,26,9,7,14,7,13,18,17,8,7,19,19,18,10,,9,16,8,20,7,16,5,16,13,7,7,11,11,19,6,12,9,8,9
"REINBACHER, DAVID","6' 2""",185,DEFENSEMAN,KLOTEN,SWISS,,9,6,7,,,17,,,35,26,,20,,28,16,,15,12,30,,,15,16,11,,,29,13,11,10,9,,26,,16,8,,19,20,,35,14,15,7,33,40,21,10,8,8,10,29,14,8,20,24,8,9,20,16,8,6,23,10,12,9,10
"SALE, EDUARD","6' 2""",174,LEFT WING,BRNO,CZECHIA,14,7,7,16,8,8,10,2,4,4,5,13,12,10,7,28,15,17,27,8,7,12,7,8,9,10,21,20,12,10,15,12,6,9,9,8,12,6,10,8,7,9,11,12,24,22,9,12,,16,12,15,11,11,18,32,7,22,11,18,17,19,24,26,21,14,25,11
"STENBERG, OTTO","5' 11""",180,CENTER,FROLUNDA JR.,SWEDEN-JR.,,20,32,,19,29,32,19,23,42,27,14,28,20,21,21,,53,50,15,21,16,27,26,29,8,9,11,19,19,23,,16,31,18,15,44,15,33,21,21,22,40,29,28,27,17,20,,28,13,18,25,28,41,10,20,16,28,22,22,28,28,14,22,29,36,12
"BARLOW, COLBY","6' 0""",190,LEFT WING,OWEN SOUND,OHL,13,19,18,9,21,16,14,7,7,7,7,15,8,17,38,22,16,20,16,31,18,13,8,9,8,19,13,10,9,9,7,7,11,15,11,19,10,,32,16,10,11,15,17,20,10,13,8,11,12,9,12,14,9,7,40,10,9,15,30,12,12,20,31,15,17,17,13
"PERREAULT, GABRIEL","5' 11""",165,RIGHT WING,USA U-18,NTDP,23,23,20,21,29,21,11,,14,14,11,,23,31,23,29,,32,31,,26,31,24,11,14,,22,18,20,17,29,22,38,23,,40,25,,41,22,,41,,8,11,37,30,17,9,15,14,14,26,27,17,21,15,19,20,27,21,17,12,20,11,7,18,14
"BRINDLEY, GAVIN","5' 8""",165,CENTER,MICHIGAN,BIG10,22,,,34,26,24,25,,,,23,,43,24,16,13,25,24,22,20,32,28,21,34,19,,,,,,,,40,22,30,21,30,9,9,14,25,33,13,24,29,29,27,25,,31,22,23,,25,19,9,34,30,23,9,26,31,29,12,25,24,21,15
"GULYAYEV, MIKHAIL","5' 10""",172,DEFENSEMAN,OMSK JR.,RUSSIA-JR.,12,22,26,25,12,12,16,13,20,20,31,,24,12,13,19,13,21,25,13,20,25,22,17,28,15,15,17,17,18,19,25,20,18,21,14,22,11,16,15,13,13,24,22,30,15,16,19,,23,24,20,13,16,43,13,37,23,21,16,19,23,30,13,33,21,30,16
"WOOD, MATTHEW","6' 4""",193,RIGHT WING,UCONN,H-EAST,10,15,17,19,9,11,12,17,25,24,18,,14,13,22,33,28,28,21,29,11,5,16,21,22,23,30,,22,21,21,20,12,24,12,27,20,,31,27,27,27,,10,14,14,25,33,12,20,19,11,9,19,13,36,11,14,16,31,10,15,14,37,7,10,16,17
"YAGER, BRAYDEN","5' 11""",166,CENTER,MOOSE JAW,WHL,11,8,14,12,7,6,13,5,8,11,12,4,7,6,14,25,14,23,20,22,5,4,10,12,12,5,5,5,7,8,9,15,5,13,4,17,19,12,23,7,4,7,5,14,16,5,5,7,,21,18,24,6,17,12,31,18,17,10,26,30,21,16,32,14,15,22,18
"CRISTALL, ANDREW","5' 10""",167,LEFT WING,KELOWNA,WHL,,33,28,33,13,13,7,22,16,8,9,,18,11,6,8,5,6,8,7,24,22,6,7,7,25,24,,30,24,14,18,14,6,15,6,16,7,6,9,11,10,17,13,,32,19,14,,17,21,17,12,8,20,15,35,25,12,12,25,20,68,18,24,13,19,19
"MUSTY, QUENTIN","6' 2""",200,LEFT WING,SUDBURY,OHL,,,21,22,25,22,20,,42,36,28,,26,26,27,15,18,14,11,19,,18,17,28,39,,,28,21,23,22,23,43,29,24,24,21,,21,24,26,25,33,18,21,11,44,38,,22,39,25,18,21,15,19,31,31,17,13,36,22,21,11,32,18,12,20
"HEIDT, RILEY","5' 10""",178,CENTER,PRINCE GEORGE,WHL,19,,,,16,18,18,21,18,17,21,,22,16,11,14,19,18,18,11,23,21,20,23,21,14,14,15,24,20,20,27,17,25,14,12,11,16,17,19,20,21,25,21,,12,14,23,,13,32,19,17,15,47,29,51,26,19,17,29,13,59,27,30,23,27,21
"LEONARD, RYAN","6' 0""",192,RIGHT WING,USA U-18,NTDP,20,16,16,15,20,15,15,,13,13,13,,10,22,19,12,17,9,7,10,17,17,12,10,10,20,8,9,6,7,8,8,35,11,23,13,9,31,12,25,22,14,16,11,13,54,23,9,7,6,5,7,23,10,10,14,12,6,13,11,8,6,11,9,6,11,6,22
"HALTTUNEN, KASPER","6' 3""",207,RIGHT WING,HIFK,FINLAND,6,24,,,22,19,33,18,24,23,32,16,29,14,20,37,30,49,71,,12,14,,29,30,12,12,14,25,,,,27,30,17,57,36,,62,26,30,19,47,,,36,20,59,,38,26,36,,45,84,,25,,51,52,33,38,46,64,37,34,62,23
"SIMASHEV, DMITRIY","6' 4""",198,DEFENSEMAN,YAROSLAVL JR.,RUSSIA-JR.,,13,15,17,,,48,,,,66,,35,,44,9,11,12,10,14,,,,,,,,,,,,,25,14,,26,17,21,15,37,,24,37,,10,,,24,,18,,21,,23,24,8,49,,26,10,9,14,10,10,28,36,10,24
"PERRON, JAYDEN","5' 9""",163,RIGHT WING,CHICAGO,USHL,,,,,27,25,28,,,,62,,50,,24,11,10,10,19,12,,,,,46,,,,,,,,21,34,,36,38,8,13,17,,31,48,27,,40,46,31,,41,40,27,32,31,59,16,86,,32,15,34,41,108,16,52,28,29,25
"RITCHIE, CALUM","6' 2""",185,CENTER,OSHAWA,OHL,16,17,22,23,10,9,19,10,19,29,25,6,13,8,10,24,22,29,28,18,9,10,25,22,27,9,11,13,14,22,24,,7,21,10,22,23,10,26,10,8,12,23,19,27,7,8,15,,24,25,26,15,26,33,58,13,29,24,33,24,24,27,39,18,19,14,26
"DANIELSON, NATE","6' 2""",185,CENTER,BRANDON,WHL,7,11,9,5,14,28,22,20,21,18,17,11,15,18,33,18,29,25,26,25,19,11,23,19,17,18,19,19,18,14,12,11,13,8,13,20,18,24,14,18,16,16,10,20,6,20,10,13,,19,17,16,16,22,9,30,19,15,22,14,13,18,7,30,13,20,26,27
"EDSTROM, DAVID","6' 3""",185,CENTER,FROLUNDA JR.,SWEDEN-JR.,,,,,,,,,,,67,,,,,,,,67,,,,,,,,,,,,,,,,,,,,,,,,,,18,,,,,33,,,,,82,35,22,,59,54,31,33,18,41,23,49,42,28
"GAUTHIER, ETHAN","5' 11""",175,RIGHT WING,SHERBROOKE,QMJHL,,31,34,32,,17,24,14,12,12,15,12,16,30,29,32,23,19,30,,15,32,,20,20,24,20,16,23,25,28,26,15,28,22,18,24,,,23,12,15,18,28,32,47,11,18,,25,29,28,22,18,28,,17,28,38,79,40,25,35,94,31,30,31,29
"WHITELAW, WILLIAM","5' 9""",173,RIGHT WING,YOUNGSTOWN,USHL,,,,,,48,64,,64,,,,65,,45,30,24,16,23,26,,29,,,,,,,,,,,26,44,29,31,28,18,24,29,,45,50,,,18,28,48,,29,,35,,33,35,22,54,,62,23,39,29,112,28,76,57,48,30
"BUT, DANIL","6' 5""",203,LEFT WING,YAROSLAVL JR.,RUSSIA-JR.,18,10,8,8,23,30,31,,52,51,49,,25,,,52,,36,37,46,,,30,,41,,,,,,16,17,36,19,,34,41,,44,47,32,38,30,26,9,28,33,39,,36,28,29,,37,27,12,30,21,31,29,15,36,9,15,20,26,24,31
"KANTSEROV, ROMAN","5' 9""",176,RIGHT WING,MAGNITOGORSK JR.,RUSSIA-JR.,,,,,,,,,34,34,34,,,,,,,,,,,,,,,,,,,,,,,36,,,,,,30,,,,,,30,41,50,,,,53,,,51,49,38,,50,60,57,53,76,52,95,65,72,32
"MORIN, ETIENNE","6' 0""",180,DEFENSEMAN,MONCTON,QMJHL,,,,,,36,34,30,29,26,29,,60,,,,,,73,,,,,,37,,,,,,,,,68,,43,57,,60,57,,58,,31,,,92,65,,57,35,44,,48,40,,55,,40,72,50,59,40,83,40,32,71,33
"MOLENDYK, TANNER","6' 0""",182,DEFENSEMAN,SASKATOON,WHL,,,19,20,,,40,,41,39,52,,62,,,49,,51,40,33,,35,,,,,,,,,,,,52,,66,46,26,37,28,,48,29,,25,63,35,29,,48,,37,,40,21,25,58,,48,40,38,48,25,29,27,42,39,34
"NADEAU, BRADLY","5' 10""",161,LEFT WING,PENTICTON,BCHL,,,29,28,,42,26,,30,31,24,,36,,,55,,34,48,23,,,,,40,,,,,,,,31,41,,53,43,32,30,33,,,,23,35,,69,42,,46,38,34,,32,29,52,45,,35,32,27,46,36,38,39,22,35,35
"HONZEK, SAMUEL","6' 4""",186,LEFT WING,VANCOUVER,WHL,,25,11,10,,61,27,,22,22,22,,19,,32,23,21,22,15,38,,,29,18,15,,,,15,13,13,10,48,33,,23,13,,29,46,,26,,25,12,,68,26,,14,15,22,,20,30,41,21,10,29,24,18,16,13,44,19,25,20,36
"WILLANDER, TOM","6' 1""",180,DEFENSEMAN,ROGLE JR.,SWEDEN-JR.,,,,,,,51,,26,15,16,,46,,,39,,39,32,,,,,27,24,,,,,,,,,42,,47,29,,54,61,,51,,,15,,79,37,,30,20,38,,56,23,27,8,18,30,35,23,30,15,17,17,27,23,37
"AKEY, BEAU","6' 0""",173,DEFENSEMAN,BARRIE,OHL,,,,,,,,,44,47,76,,55,,,,,40,33,45,,,,,,,,,,,,,41,38,,55,33,,27,55,,52,,,,58,59,46,,35,49,57,,49,88,61,94,,61,34,48,35,50,56,61,61,32,38
"CATAFORD, MATHIEU","5' 11""",190,CENTER,HALIFAX,QMJHL,,,,,,35,43,,38,28,30,,45,,41,,,61,,,,,,,50,,,,,,,,34,47,,68,58,,,36,,,,,,,55,56,,58,37,,,61,90,,47,,72,,56,60,57,84,63,48,81,39
"MOLGAARD, OSCAR FISKER","6' 0""",163,CENTER,HV 71,SWEDEN,,,,,,,,,,,,,,,,26,,26,24,,,,,,,,,,,,,,,81,,,47,,35,38,,,,,36,,,,,42,,43,,41,50,18,40,,67,28,46,40,37,24,46,39,28,40
"MUKHANOV, TIMUR","5' 7""",178,LEFT WING,OMSK JR.,RUSSIA-JR.,,,,,,,,,,,,,,,50,41,27,27,34,39,,,,,,,,,,,,,,39,,51,,,20,43,,37,28,,,,,,,,,54,,,73,17,,,,25,98,43,132,22,,,57,41
"PRICE, CADEN","6' 0""",185,DEFENSEMAN,KELOWNA,WHL,,26,,,30,26,37,26,46,46,42,,38,29,17,27,,38,29,32,,,,,,22,,,,,,,24,27,20,46,37,20,43,41,19,32,,,,,32,36,,39,,42,30,38,91,54,57,,73,50,60,39,51,70,47,46,37,42
"BONK, OLIVER","6' 2""",180,DEFENSEMAN,LONDON,OHL,,,25,24,,,56,32,31,30,37,,30,,,,,,65,,,,26,33,36,,,,29,26,30,19,,37,,39,26,,,83,,28,,,26,,76,28,,26,34,41,,36,48,,43,20,25,86,35,26,26,51,26,41,56,43
"REHKOPF, CARSON","6' 2""",193,LEFT WING,KITCHENER,OHL,,,,,,44,42,27,57,62,54,,41,,,,,63,56,,,,,40,49,32,,,,,,,49,35,,64,60,,,48,,49,,,,57,34,32,,60,,60,,52,,83,67,,82,74,47,62,39,54,44,47,68,44
"SAWCHYN, GRACYN","5' 11""",157,CENTER,SEATTLE,WHL,,,,,,41,38,,,33,33,,,,,38,,58,13,44,,,,36,38,,,,,,31,28,,57,,67,34,22,22,69,,56,,,,,,41,,37,31,63,,55,52,24,39,,90,21,41,37,116,25,38,44,13,45
"ZIEMMER, KOEHN","6' 0""",202,RIGHT WING,PRINCE GEORGE,WHL,,30,,,28,23,23,24,15,21,20,,31,32,26,35,,56,45,40,31,30,,35,32,30,23,23,31,,,,39,40,,42,48,,,42,29,46,,30,,21,26,34,,49,33,30,,29,71,59,32,,54,75,71,50,65,69,50,31,40,46
"STRATHMANN, ANDREW","5' 10""",187,DEFENSEMAN,YOUNGSTOWN,USHL,,,,,,39,62,29,40,58,55,,54,,48,64,,45,54,,,,,,,,,,,,,,,65,,48,69,,48,51,,39,41,,,62,65,62,,70,,62,,54,62,77,74,,68,53,65,72,63,87,68,63,75,47
"MINNETIAN, ARAM","5' 11""",192,DEFENSEMAN,USA U-18,NTDP,,,,,,64,55,,59,,57,,64,,,57,,44,46,48,,,,37,42,,,,,,,,,61,,35,56,,,60,,63,49,,,61,81,66,,56,52,,,58,44,65,77,,55,55,43,64,62,53,62,52,50,48
"BJARNASON, CARSON","6' 3""",186,GOALIE,BRANDON,WHL,,32,,,,,,,48,50,38,,47,,,,,,80,41,,,,,,,31,30,,30,,,22,20,,49,52,,40,70,,,,,,,42,53,,52,53,59,,47,76,,23,,45,57,42,52,74,82,66,89,109,49
"LARDIS, NICK","5' 10""",165,LEFT WING,HAMILTON,OHL,,,,,,,47,,61,,41,,,,,48,,,49,,,,,,33,,,,,,32,30,,98,,,31,,57,,,,,,,,50,45,,32,30,,,,45,47,65,27,49,48,32,32,94,34,78,38,33,50
"BRZUSTEWICZ, HUNTER","6' 0""",190,DEFENSEMAN,KITCHENER,OHL,,,,,31,27,36,,45,49,53,,44,23,36,54,,55,44,,,26,,38,44,31,,,,,,,32,71,28,37,54,30,,45,31,20,31,,,16,22,27,,54,48,39,31,39,34,,61,,43,91,66,56,58,79,54,40,52,51
"DVORAK, JAKUB","6' 5""",203,DEFENSEMAN,LIBEREC,CZECHIA,,,31,,,,,,63,,77,,52,,,,,,,,,37,,,,,,,,,,,47,72,,,,,,67,,,,,,,53,69,,,,,,,,43,48,,44,61,53,66,61,49,82,85,97,52
"KLIMOVICH, YEGOR","5' 9""",159,LEFT WING,SIBIRSKIE,MHL,,,,,,,,,,,,,,,,,,,,,,,,,,,,,,,,,,,,,,,,91,,,,,,,,,,,,,,,,62,,,,92,107,,,71,,,,53
"CAGNONI, LUCA","5' 9""",180,DEFENSEMAN,PORTLAND,WHL,,,,,,45,41,,,,71,,74,,34,20,20,31,35,28,,,,,,,,,,,,,37,76,,45,39,25,46,35,28,50,36,,,38,45,43,,43,58,33,,46,39,23,95,,58,43,110,42,44,33,51,45,34,54
"AUGUSTINE, TREY","6' 1""",183,GOALIE,USA U-18,NTDP,,,,,,,54,,,55,60,,57,,49,36,,43,51,34,,,,,,,,,,,,,,45,,54,53,,45,94,,,,,,,83,57,,53,46,45,,64,63,57,33,,77,41,37,55,73,47,55,55,45,55
"TOURIGNY, JORDAN","5' 11""",165,DEFENSEMAN,SHAWINIGAN,QMJHL,,,,,,,,31,51,56,,,,,46,,,,70,,,,,,,,32,,,,,,,,,,,,,52,24,54,,,,,67,77,,,,,,,97,,,,63,,124,86,,93,,,103,56
"LINDSTEIN, THEO","6' 0""",180,DEFENSEMAN,BRYNAS,SWEDEN,,28,,,32,37,50,,55,59,80,,40,25,39,40,,52,66,,25,24,,,26,16,18,26,,28,25,,33,46,25,62,71,,53,34,,59,,,,13,52,47,,72,23,55,,63,95,63,27,24,36,62,70,74,42,67,36,58,74,57
"PINELLI, LUCA","5' 9""",165,CENTER,OTTAWA,OHL,,,,,,55,44,,,,,,71,,25,31,,46,58,16,,,,,,,,,,,,,44,43,,50,59,23,25,31,,44,,,,,77,61,,59,,58,28,50,68,28,83,,37,37,67,61,100,40,58,51,82,58
"STRBAK, MAXIM","6' 2""",205,DEFENSEMAN,SIOUX FALLS,USHL,,29,30,29,,,63,,56,57,70,,33,,,,,,,,30,27,,39,43,,,,27,,,31,,51,31,,49,,,39,,29,19,,37,44,51,55,,50,45,46,,43,25,,46,,53,,52,49,34,60,41,71,78,59
"DRAGICEVIC, LUKAS","6' 1""",190,DEFENSEMAN,TRI-CITY,WHL,,27,27,27,,38,35,,28,25,35,,27,28,15,51,,42,36,49,,34,18,24,23,,,25,26,29,26,,28,16,32,25,27,,36,59,,36,32,,31,39,39,22,,27,27,31,19,24,32,33,56,,18,44,20,27,31,50,34,35,38,60
"HRABAL, MICHAEL","6' 6""",209,GOALIE,OMAHA,USHL,,21,35,,,34,,,47,52,58,,32,,42,46,,37,38,27,16,,,,51,,27,27,,,,,19,32,,29,45,29,28,73,,40,34,,,,43,70,,47,47,48,,42,36,46,26,,34,39,44,47,38,48,35,56,54,61
"LIND, KALAN","6' 0""",158,LEFT WING,RED DEER,WHL,,,,,,56,52,25,39,48,51,,37,,,,,64,52,,,,,30,34,26,26,31,,31,,29,50,66,,59,40,,39,49,,42,42,,,53,48,67,,44,41,49,,44,,84,75,,52,46,85,44,60,,45,62,44,62
"STRAMEL, CHARLIE","6' 3""",212,CENTER,WISCONSIN,BIG10,8,18,23,26,17,32,29,15,33,44,56,10,21,19,31,50,,33,42,37,14,8,19,,,11,28,,,,27,24,30,48,16,28,32,,38,32,23,43,22,,23,9,31,51,,34,59,32,27,30,38,44,70,,39,42,61,34,23,45,29,37,47,63
"SOTHERAN, CARTER","6' 3""",197,DEFENSEMAN,PORTLAND,WHL,,,,,,,,,,,,,,,,,,,74,,,,,,,,,,,,,,,59,,,,,58,64,,,,,,,,,,,,,,,,56,,,,77,72,,,65,,,55,64
"FISHER, JAKE","6' 2""",182,CENTER,CRETIN-DERHAM,HIGH-MN,,,,,,,,,,,,,,,,,,,77,,,,,,,,,,,,,,,,,,,,,,,,,,,,,,,,,,,,,,,,96,,130,,,,,,89,66
"ALLEN, CAMERON","6' 0""",194,DEFENSEMAN,GUELPH,OHL,9,,,,11,20,61,11,17,32,78,8,39,9,35,62,,60,43,,13,7,31,32,35,13,25,32,,32,,,18,55,5,30,35,,,44,14,55,38,,,31,12,40,,40,50,50,21,34,,,96,,47,99,68,54,52,,80,93,76,67
"UNGER SORUM, FELIX","5' 11""",170,RIGHT WING,LEKSAND JR.,SWEDEN-JR.,,,,,,,,,,,,,,,,43,,,,,,,,,,,,,,,,,,,,,,,,,,,,,,,,,,,56,,,,80,,53,,,73,83,90,105,,92,91,85,68
"PEDDLE, TYLER","6' 0""",195,LEFT WING,DRUMMONDVILLE,QMJHL,,,,,,47,,,53,54,79,,58,,,61,,,,,,,,,,28,,,,,,,,56,,,,,,54,,,,,,64,73,,,,,,,,,,98,,83,,96,,98,,,,129,69
"CIERNIK, ALEX","5' 11""",176,LEFT WING,SODERTALJE,SWEDEN-2,,,,,24,31,30,,,,59,,63,27,40,42,,50,61,24,,,,,,,,,,,,,42,78,,38,67,27,42,62,,53,21,32,,17,29,44,,68,,61,,53,42,26,66,,93,36,87,70,69,19,83,33,65,70
"FOWLER, JACOB","6' 1""",212,GOALIE,YOUNGSTOWN,USHL,,,,,,57,,,,,,,,,,63,,47,59,,,,,,,,,,,,,,,85,,60,62,,,,,,26,,,,,,,62,,47,,,22,66,,,,51,45,58,77,,71,64,73,71
"HAMEENAHO, LENNI","6' 0""",173,RIGHT WING,ASSAT,FINLAND,,,,,,,45,,49,41,46,,42,,37,45,,59,69,,,,,,,,,,,,,,45,77,,56,66,,55,82,,61,44,,,,85,30,,67,54,,,62,49,,41,,27,49,84,69,55,66,56,53,61,73
"TERRANCE, CAREY","6' 0""",175,CENTER,ERIE,OHL,,,,,,,,,60,,73,,77,,,,,,,,,,,,,,,,,,,,,54,,,,,,,,,,,,34,58,68,,,55,,,,85,68,78,,60,89,54,,49,62,67,74,128,74
"DOWER NILSSON, NOAH","6' 0""",174,LEFT WING,FROLUNDA JR.,SWEDEN-JR.,,,,,,40,39,,36,27,36,,48,,43,58,26,30,57,,,,,25,25,,,24,28,27,,,,63,,33,42,,52,50,,30,20,,,51,47,52,,45,36,40,24,35,26,69,68,,80,78,123,45,107,92,87,43,64,75
"GAJAN, ADAM","6' 2""",167,GOALIE,CHIPPEWA,NAHL,,,33,31,,,,,,,74,,56,,,,,,,,,,32,,,,,,,,,,,90,,32,50,,,,,,,,,,,71,,63,,,,60,98,,79,,33,,63,65,71,,53,68,100,76
"MYATOVIC, NICO","6' 2""",182,LEFT WING,SEATTLE,WHL,,,,,,,,,,,50,,,,,,,,,,,,,,,,,,,,,,,,,,73,,,79,,,,,,,,97,,74,,,,,,67,81,32,70,65,76,76,45,76,49,66,112,77
"RYKOV, ALEXANDER","6' 0""",176,RIGHT WING,CHELMET,RUSSIA-2,,,,,,,49,,,,,,,,,53,31,35,47,47,,,,,,,,,,,,,,50,,58,70,,51,,,34,,,,,,,,71,,56,,51,77,53,,,42,64,88,73,134,73,,60,59,78
"PITRE, COULSON","6' 0""",172,RIGHT WING,FLINT,OHL,,,,,,,59,,43,61,48,,67,,,,,,53,,,,,,47,,,,,,,,,69,,,63,,59,,,,,,,,86,72,,64,51,,,,,81,63,,69,82,62,67,56,,60,72,53,79
"BARKEY, DENVER","5' 8""",155,CENTER,LONDON,OHL,,,,,,,,,,,,,,,30,34,,54,63,50,,,,,,,,,,,,,,79,,52,65,,34,68,,47,45,,,52,61,74,,66,,52,,,56,38,50,,74,38,80,68,101,43,81,83,79,80
"RATZLAFF, SCOTT","6' 0""",175,GOALIE,SEATTLE,WHL,,,,,,,,,,,65,,,,,,,,,,,40,,,,,,,,,,,,64,,,,,,78,,64,,,,,64,96,,,,,,,,,72,,,,89,,72,74,69,69,,81
"COUGHLIN, LUKE","5' 10""",170,DEFENSEMAN,RIMOUSKI,QMJHL,,,,,,,,,,,,,,,,,,,76,,,,,,,,,,,,,,,,,,,,,77,,,,,,,,,,,,,,,,,,,,,202,,,,,,87,83
"SUSUYEV, NIKITA","6' 0""",172,RIGHT WING,SPARTAK JR.,RUSSIA-JR.,,,,,,,,,,,,,,,,,,,,,,,,,,,,,,,,,,60,,,,,,,,,,,,,,,,,,,,,,,,,,,108,,135,,,,,84
"MANIA, MATTHEW","6' 1""",180,DEFENSEMAN,SUDBURY,OHL,,,,,,,,,,,,,,,,59,,62,39,,,,,,,,,,,,,,,82,,69,68,,49,88,,,,,,,,,,69,,,,,58,75,,,,56,101,71,90,88,86,88,46,85
"KARKI, ARTTU","6' 2""",176,DEFENSEMAN,TAPPARA JR.,FINLAND-JR.,,,,,,50,,,,,,,,,,,,,,,,,,,,,,,,,,,,62,,,,,,81,,57,,,,60,71,,,,,,,,,,,,,,73,,41,,84,80,130,86
"KIISKINEN, JESSE","5' 11""",178,RIGHT WING,PELICANS JR.,FINLAND-JR.,,,,,,60,46,,35,37,39,,49,,,,,,,,,,,31,31,,17,21,32,,,,,67,,,55,,,,,,,,,,49,60,,55,42,,,,,,60,,65,84,55,57,80,96,65,59,95,87
"NILSSON, FELIX","6' 0""",176,CENTER,ROGLE JR.,SWEDEN-JR.,,,,,,,,,,,,,,,,44,,48,55,,,,,,,,,,,,,32,,70,,65,64,,56,,,,,,,,,81,,65,,,,,92,45,,,,71,51,78,48,46,,75,41,88
"LOSHKO, ANDREI","6' 1""",173,CENTER,CHICOUTIMI,QMJHL,,,,,,,,,,,,,,,,,,,,,,,,,,,,,,,,,,,,,,,,74,,,,,,,,,,,,,,,,,,,,,138,,133,,,,104,89
"MIEDEMA, ETHAN","6' 4""",203,LEFT WING,KINGSTON,OHL,,,,,,,,,54,64,61,,53,,,,,,,,,,,,,,,,,,,,,,,,,,,80,,,,,,41,57,76,,,,,,,,,64,,86,,109,,81,,,86,,90
"MACKINNON, DYLAN","6' 2""",185,DEFENSEMAN,HALIFAX,QMJHL,,,,,,,,,,,,,,,,,,,,,,,,,,,,,,,,,,,,,,,,75,,,,,,,,80,,,,,,,,,,,57,,128,,91,,89,,108,91
"URONEN, TUOMAS","5' 11""",183,RIGHT WING,HIFK JR.,FINLAND-JR.,,,,,,59,,,50,,,,,,,,,,,,,,,,,,,,,,,,,,,70,,,,72,,,,,,,60,73,,,,,,,,,,,99,,,,97,,88,,80,92
"MUSSER, CARSEN","6' 4""",215,GOALIE,USA U-18,NTDP,,,,,,,,,,,,,,,,,,,,,,,,,,,,,,,,,,,,,,,,,,,,,,,,,,,,,,,,,82,,,,151,,138,,,,,93
"MANN, MATTEO","6' 5""",222,DEFENSEMAN,CHICOUTIMI,QMJHL,,,,,,,,,,,,,,,,,,,,,,,,,,,,,,,,,,,,,,,,71,,,,,,,,,,,,,,,,,,,79,,160,,,,,,,94
"SQUIRES, CAM","6' 0""",165,RIGHT WING,CAPE BRETON,QMJHL,,,,,,62,,,,,68,,,,,,,,,,,,,,,,,,,,,,,,,,,,,,,,,,,,95,,,,,,,,,,87,,,,,,,,,90,,95
"WAHLBERG, ANTON","6' 3""",194,CENTER,MALMO JR.,SWEDEN-JR.,,,,,,,,,,53,47,,,,,47,,,75,,,,,,45,,,,,,,,,53,,,,,63,92,,,,,34,,,58,,,44,51,,,31,37,29,,66,45,28,,33,36,42,70,60,96
"NORDH, NOEL","6' 2""",196,LEFT WING,BRYNAS JR.,SWEDEN-JR.,,,,,,,,23,58,60,75,,61,,,,,,,,27,36,,,,,,,,,,,,84,,,,,,58,,,,,,,54,64,,,,,,,93,42,97,,71,67,94,,113,42,75,96,99,97
"ZAVRAGIN, EGOR","6' 2""",183,GOALIE,KHANTY-MANSIYSK JR.,RUSSIA-JR.,,,,,,,,,,,,,,,,,,,,,,,,,,,,,,,,,,93,,,,,,56,,,,,,,,,,,,,,,,,,,,66,134,,,,,,,98
"NELSON, DANNY","6' 3""",202,CENTER,USA U-18,NTDP,,,,,,33,57,,37,38,44,,34,,,,,,,,,,,,48,,,,,,,,,88,,41,61,,,53,,,35,,33,50,37,35,,61,43,64,,57,46,,28,,98,,49,63,32,63,43,50,43,99
"JARVENTIE, EMIL","5' 10""",167,LEFT WING,ILVES JR.,FINLAND-JR.,,,,,,43,58,12,32,40,45,,,,,,,,,35,28,,,,,27,,,,,,,,87,,,,,,89,,,,,,45,38,63,,,57,,,59,79,,62,,,96,100,79,111,98,93,79,,100
"NURMI, JESSE","5' 10""",165,LEFT WING,KOOKOO JR.,FINLAND-JR.,,,,,,51,,,,,,,,,,,,,,42,,,,,,,,,,,,,,58,,44,,,,85,15,23,39,,,49,78,94,,,,,,,57,78,,,95,,91,100,108,80,,78,,101
"SUNIEV, AYDAR","6' 2""",198,LEFT WING,PENTICTON,BCHL,,,,,,,53,,,,43,,,,,60,,57,60,,,,,,,,,,,,,,,86,,63,,,50,,,,,,,,,83,,,,,,,,50,36,,84,47,112,87,75,58,59,54,69,102
"MOLNAR, ONDREJ","5' 10""",170,LEFT WING,ERIE,OHL,,,,,,52,,,,,,,68,,,,,,,36,,38,,,,,,,,,,,46,74,,,,28,,66,,,,,,25,21,49,,,,,,,53,,,,,,122,,,,,,,103
"PETR, DOMINIK","6' 2""",172,CENTER,LUKKO JR.,FINLAND-JR.,,,,,,,,,,,,,,,,,,,,,,,,,,,,,,,,,,,,,,,,84,,,,,,26,36,,,,,,,,60,,,,,,,,,,,,,104
"KUMPULAINEN, RASMUS","6' 2""",191,CENTER,PELICANS JR.,FINLAND-JR.,,,,,,,,,,,64,,79,,,,,,,,,,,,,,,,,,,,,,,,,,,,,,,,,,93,90,,,,,,,75,,69,,94,,86,84,103,,,95,96,105
"GIBSON, ANDREW","6' 3""",196,DEFENSEMAN,SAULT STE. MARIE,OHL,,,,,,,,,,,63,,51,,,,,,,,,,,,,,,,,,,,,73,,,74,,,,,,,,,,80,86,,75,60,,,,,,59,,41,93,59,77,54,85,57,,77,106
"LIPINSKI, JADEN","6' 4""",204,CENTER,VANCOUVER,WHL,,,,,,,,,,,,,70,,,,,,,,,,,,,,,,,,,,,,,,,,,90,,,,,,,,,,,,,,,,55,80,,,,189,,117,61,100,81,,107
"TOWNSEND, TEDDY","5' 10""",162,CENTER,EDEN PRAIRIE,HIGH-MN,,,,,,,,,,,,,,,,,,,,,,,,,,,,,,,,,,,,,,,,100,,,,,,,,,,,,,,,94,,,,,,215,,,,,,,108
"FORSFJALL, ZEB","5' 9""",167,CENTER,SKELLEFTEA JR.,SWEDEN-JR.,,,,,,,,,,,,,,,,,,,,,,23,28,,,,,,,,,,,,27,,,,,,,,,,,,62,,,,,,,,87,,,,91,,141,,102,77,90,,133,109
"BURNS, QUINTON","6' 1""",180,DEFENSEMAN,KINGSTON,OHL,,,,,,,,,,,,,59,,,,,,,,,,,,,,,,,,,,,91,,,,,61,,,,,,,,,99,,,,,,,,79,84,,64,69,75,98,122,75,98,,51,110
"PHARAND, ALEX","6' 2""",198,CENTER,SUDBURY,OHL,,,,,,,,,,,,,,,,,,,,,,,,,,,,,,,,,,,,,,,,,,,,,,,87,91,,,,,,,,,,,85,,140,,78,,74,,124,111
"HIGGINS, TY","6' 0""",187,DEFENSEMAN,ACADIE-BATHURST,QMJHL,,,,,,,,,,,,,,,,,,,,,,,,,,,,,,,,,,,,,,,,87,,,,,,,,,,,,,,,,,,,,,220,,,,,,,112
"SPRYNAR, JAN","6' 1""",173,RIGHT WING,RIMOUSKI,QMJHL,,,,,,,,,,,,,,,,,,,,,,,,,,,,,,,,,,,,,,,,,,,,,,,91,,,,,,,,,,,,56,,219,,,,,,,113
"STANLEY, HOYT","6' 2""",187,DEFENSEMAN,VICTORIA,BCHL,,,,,,,,,,,,,,,,,,,72,,,,,,,,,,,,,,,,,,,,,,,,,,,,,,,,,,,,,71,,,,80,64,95,92,,,98,84,114
"HENDRICKSON, BECKETT","6' 2""",174,CENTER,USA U-18,NTDP,,,,,,,,,,,,,,,,,,,64,,,,,,,,,,,,,,,,,,,,,,,,,,,,,,,,,,,,,,,,,,139,,109,,,94,58,115
"SOTO, MATTHEW","5' 10""",179,RIGHT WING,KINGSTON,OHL,,,,,,,,,,,,,,,47,,,,,,,,,,,,,,,,,,,96,,,,,,98,,62,,,,59,66,75,,,,,,,,,,,,85,156,96,,55,,,,116
"LEVIS, CONNOR","6' 1""",187,RIGHT WING,KAMLOOPS,WHL,,,,,,54,,,62,63,72,,,,,,,,68,,,,,,,,,,,,,,,,,,,,,76,,,,,,48,70,,,,,,,,100,,99,,,,214,88,110,,,82,63,117
"COWAN, EASTON","5' 10""",170,RIGHT WING,LONDON,OHL,,,,,,,,,,,,,,,,,,,62,,,,,,,,,,,,,,,,,,,,,,,,,,,,82,,,,,,,,,64,44,,89,68,78,93,95,59,70,97,66,118
"LESLIE, MAZDEN","6' 0""",193,DEFENSEMAN,VANCOUVER,WHL,,,,,,58,,,,,,,,,,,,,,,,,,,,,,,,,,,,,,,,,,,,,,,,56,63,,,,,,,,,,,,,,144,,,,,92,,120
"THORESON, GAVYN","5' 8""",183,RIGHT WING,ANDOVER,HIGH-MN,,,,,,,,,,,,,,,,,,,79,,,,,,,,,,,,,,,,,,,,,,,,,,,,,,,,,,,,,,,,,,209,,,,,,105,121
"MERCER, RILEY","6' 2""",203,GOALIE,DRUMMONDVILLE,QMJHL,,,,,,,,,,,,,,,,,,,,,,,,,,,,,,,,,,,,,,,,,,,,,,,,,,,,,,,,,,,,,,,,,,,,122
"HAGENS, MICHAEL","5' 11""",170,DEFENSEMAN,CHICAGO,USHL,,,,,,,,,,,,,,,,,,,,,,,,,,,,,,,,,,,,,,,,,,,,,,,,,,,,,,,65,,93,,,,,,,,,,121,123
"SVOBODA, BRANDON","6' 3""",205,CENTER,YOUNGSTOWN,USHL,,,,,,,,,,,,,,,,,,,,,,,,,,,,,,,,,,,,,,,,,,,,,,,,,,,,,,,,,,,,95,117,,79,,,,,124
"FINK, AIDEN","5' 9""",153,RIGHT WING,BROOKS,AJHL,,,,,,,60,,,,,,,,,,,,78,,,,,,,,,,,,,,,95,,,75,,,,,,,,,,,,,,,,,,,,,,,,132,80,70,,72,73,92,125
"HENNEBERRY, JOSEPH","6' 2""",185,LEFT WING,ACADIE-BATHURST,QMJHL,,,,,,,,,,,,,,,,,,,,,,,,,,,,,,,,,,,,,,,,95,,,,,,,,,,,,,,,,,,,,,,,,,,,,126
"LAVIGNE, MAEL","6' 2""",177,CENTER,VICTORIAVILLE,QMJHL,,,,,,,,,,,,,,,,,,,,,,,,,,,,,,,,,,,,,,,,,,,,,,,,,,,,,,,,,,,,,,,,,,,,127
"SHAUGABAY, JAYSON","5' 9""",153,RIGHT WING,WARROAD,HIGH-MN,,,,,,,,,,43,40,,,,,,,,,,,,,,,,,,,,,,,99,,,,,,,,,,,,,,54,,,,,,,67,,52,,88,,93,,,,99,,98,128
"CHALYI, GENNADII","5' 10""",201,DEFENSEMAN,WATERLOO,USHL,,,,,,,,,,,,,,,,,,,,,,,,,,,,,,,,,,,,,,,,,,,,,,,,,,,,,,,,,,,,90,,,,,,,,129
"MISIAK, MARTIN","6' 2""",194,RIGHT WING,YOUNGSTOWN,USHL,,,,,,,,,,,,,76,,,56,,,,43,,,,,,,,,,,,,,75,,,,,47,65,,,27,,,,97,92,,,,,,,54,34,,,,58,81,89,66,35,73,87,115,130
"MITTELSTADT, LUKE","5' 11""",185,DEFENSEMAN,MINNESOTA,BIG10,,,,,,,,,,,,,,,,,,,,,,,,,,,,,,,,,,,,,,,,,,,,,,,,100,,,,,,,,,91,,,,198,,,,,,119,131
"HURTIG, AXEL","6' 4""",202,DEFENSEMAN,ROGLE JR.,SWEDEN-JR.,,,,,,,,,,,,,,,,,,,,,,,,,,,,,,,,,,,,,,,,,,,,,,,,,,,,,,,,,,,,,168,,93,,,,,132
"ASPLUND, OSKAR","5' 11""",174,DEFENSEMAN,ALMTUNA,SWEDEN-2,,,,,,,,,,,,,,,,,,,,,,,,,,,,,,,,,,,,,,,,,,,,,,,,,,,,,,,,,,,,,192,,,,,,,133
"BERTUCCI, TRISTAN","6' 2""",172,DEFENSEMAN,FLINT,OHL,,,,,,,,,,,,,,,,,,,,,,,,,,,,,,,,,,,,,,,,,,,,,,,,87,,,,,,,96,73,100,,87,76,58,94,83,90,64,76,,134
"BURBIDGE, COLE","6' 1""",170,CENTER,SAINT JOHN,QMJHL,,,,,,,,,,,,,,,,,,,,,,,,,,,,,,,,,,,,,,,,,,,,,,,,,,,,,,,,,,,,,136,,,,,,,135
"STANCL, JAKUB","6' 3""",201,CENTER,VAXJO JR.,SWEDEN-JR.,,,,,,,,,,,,,72,,,,,,,,,,,,,,,,,,,,,,,,,,,,,,,,,,94,88,,,,,,,,,,,,,111,,,81,,,,136
"BLOMQUIST, IAN","6' 2""",187,GOALIE,VASTERAS,SWEDEN-2,,,,,,,,,,,,,,,,,,,,,,,,,,,,,,,,,,,,,,,,,,,,,,,,,,,,,,,,,,,,,190,,,,,,,138
"ROY, PIER-OLIVIER","5' 10""",165,DEFENSEMAN,VICTORIAVILLE,QMJHL,,,,,,,,,,,,,,,,,,,,,,,,,,,,,,,,,,,,,,,,,,,,,,,,,,,,,,,,,,,,,,,,,,,,139
"PATTERSON, LUKE","6' 0""",181,CENTER,CAPE BRETON,QMJHL,,,,,,,,,,,,,,,,,,,,,,,,,,,,,,,,,,,,,,,,86,,,,,,,,,,,,,,,,,,,,,,,,,,,,140
"BERGSTROM, ARVID","5' 11""",161,DEFENSEMAN,DJURGARDEN JR.,SWEDEN-JR.,,,,,,,,,,,,,,,,,,,,,,,,,,,,,,,,,,,,,,,64,93,,,,,,,,,,,,,,,,72,,,,63,,92,,57,,,,141
"SIEPMANN, GRAYDEN","5' 10""",185,DEFENSEMAN,CALGARY,WHL,,,,,,,,,,,,,,,,,,,,,,,,,,,,,,,,,,92,,,,,,,,,,,,,,,,,,,,,,,,,,,167,,,,,,,142
"BOUROSH, DANIIL","6' 1""",188,RIGHT WING,ROUYN-NORANDA,QMJHL,,,,,,,,,,,,,,,,,,,,,,,,,,,,,,,,,,,,,,,,,,,,,,,,,,,,,,,,,,,,,,,,,,,,143
"VOTE, WILLIAM","5' 8""",160,RIGHT WING,USA U-18,NTDP,,,,,,,,,,,,,,,,,,,,,,,,,,,,,,,,,,,,,,,,,,,,,,,,95,,,,,,,,,,,,,116,,,95,,,,144
"SZTURC, GABRIEL","5' 11""",186,CENTER,KELOWNA,WHL,,,,,,,,,,,,,,,,,,,,,,,,,,,,,,,,,,,,,,,,,,,,,,,,,,,,,,,64,,,,,,,,89,,85,,,145
"ROBERTSON, CHARLIE","6' 3""",167,GOALIE,NORTH BAY,OHL,,,,,,,,,,,,,,,,,,,,,,,,,,,,,,,,,,,,,,,,,,,,,,,,,,,,,,,,,,,,,,,,,,,,147
"LIVANAVAGE, JAKE","5' 10""",175,DEFENSEMAN,CHICAGO,USHL,,,,,,,,,,,,,,,,,,,,,,,,,,,,,,,,,,,,,,,,,,,,,,,,,,,,,,,,,,,,,187,,,,,,,148
"HAMMELL, KADEN","6' 1""",173,DEFENSEMAN,EVERETT,WHL,,,,,,,,,,,,,,,,,,,,,,,,,,,,,,,,,,49,,,,,,,,,,,,,,,,,,,,,,,,,,,92,,,,,,,149
"KUUSLA, EMIL","5' 9""",167,LEFT WING,JOKERIT JR.,FINLAND-JR.,,,,,,,,,,,,,,,,,,,,,,,,,,,,,,,,,,,,,,,,,,,,,,,,,,,,,,,,,,,,,,,,,,,,150
"BROWN, COLE","6' 2""",178,LEFT WING,HAMILTON,OHL,,,,,,,,,,,,,,,,,,,,,,,,,,,,,,,,,,,,,,,,,,,,,,,,,,,,,,,,,,,,,204,,,,,,111,151
"PEKARCIK, JURAJ","6' 1""",183,LEFT WING,NITRA,SLOVAKIA,,,,,,,,,,,,,,,,,,,,,,,,,,,,,,,,,,,,,,,,,,,,,,,,,,,,,,,,82,42,,,100,79,,43,99,79,67,67,152
"GARDINER, BRAD","6' 0""",178,CENTER,OTTAWA,OHL,,,,,,,,,,45,69,,73,,,,,,,,,,,,,,,,,,,,,100,,,,,,,,,,,,,,,,,,,,,,,88,,46,,163,,,,,,,153
"LUDTKE, TANNER","6' 0""",185,CENTER,LINCOLN,USHL,,,,,,,,,,,,,,,,,,,,,,,,,,,,,,,,,,,,,,,,,,,,,,,88,93,,,,,,,61,,,,,98,69,82,,,97,84,,154
"WEINSTEIN, SAIGE","6' 0""",179,DEFENSEMAN,SPOKANE,WHL,,,,,,,,,,,,,,,,,,,,,,,,,,,,,,,,,,,,,,,,,,,,,,,,,,,,,,,,,,,,,,,,,,,113,155
"DAIGLE, XAVIER","5' 11""",178,DEFENSEMAN,CAPE BRETON,QMJHL,,,,,,,,,,,,,,,,,,,,,,,,,,,,,,,,,,,,,,,,,,,,,,,,,,,,,,,,,,,,,,,,,,,,156
"LEPPA, TOM","6' 0""",174,CENTER,JOKERIT JR.,FINLAND-JR.,,,,,,,,,,,,,,,,,,,,,,,,,,,,,,,,,,,,,,,,,,,,,,,100,,,,,,,,,,,,,,221,,,,,,,158
"FINE, RYAN","5' 7""",177,CENTER,USA U-18,NTDP,,,,,,,,,,,,,,,,,,,,,,,,,,,,,,,,,,,,,,,,,,,,,,,,,,,,,,,66,,,,,83,,91,,78,,,,159
"ROEST, AUSTIN","5' 10""",175,CENTER,EVERETT,WHL,,,,,,,,,,,,,,,,,,,,,,,,,,,,,,,,,,,,,,,,,,,,,,,,,,,,,,,,,,,,,104,,,,,,,160
"LOUNSBURY, PRESTON","5' 11""",166,CENTER,MONCTON,QMJHL,,,,,,,,,,,,,,,,,,,,,,,,,,,,,,,,,,,,,,,,,,,,,,,,,,,,,,,,,,,,,,,,,,,,161
"SUCHANEK, TOMAS","6' 0""",180,GOALIE,TRI-CITY,WHL,,,,,,,,,,,,,,,,,,,,,,,,,,,,,,,,,,,,,,,,,,,,,,,,,,,,,,,,,,,,,205,,,,,,,162
"WERSALL, MELVIN","6' 0""",158,LEFT WING,DJURGARDEN JR.,SWEDEN-JR.,,,,,,,,,,,,,,,,,,,,,,,,,,,,,,,,,,,,,,,,,,,,,,,,,,,,,,,,,,,,,,,,,,,,163
"BRUNELLE, BENJAMIN","6' 3""",188,RIGHT WING,ROUYN-NORANDA,QMJHL,,,,,,,,,,,,,,,,,,,,,,,,,,,,,,,,,,,,,,,,,,,,,,,,,,,,,,,,,,,,,,,,,,,,164
"BURNEVIK, AUSTIN","6' 4""",199,RIGHT WING,USA U-17,NTDP,,,,,,,,,,,,,,,,,,,,,,,,,,,,,,,,,,,,,,,,,,,,,,,,,,,,,,,,,,,,,210,,,,,,,166
"MYNIO, SAWYER","6' 1""",173,DEFENSEMAN,SEATTLE,WHL,,,,,,,,,,,,,80,,,,,,,,,,,,,,,,,,,,,,,,,,,,,,,,,,,,,,,,,,,,,,,,176,,,,,,,167
"HALABURDA, TY","5' 11""",178,CENTER,VANCOUVER,WHL,,,,,,,,,,,,,,,,,,,,,,,,,,,,,,,,,,,,,,,,,,,,,,,,,,,,,,,,,,,,,135,,,,,,,168
"VERMETTE, EMMANUEL","6' 0""",193,LEFT WING,CHICOUTIMI,QMJHL,,,,,,,,,,,,,,,,,,,,,,,,,,,,,,,,,,,,,,,,,,,,,,,,,,,,,,,,,,,,,,,,,,,,169
"SIDOROV, YEGOR","6' 0""",182,RIGHT WING,SASKATOON,WHL,,,,,,,,,,,,,,,,,,,,,,,,,,,,,,,,,,,,,,,,,,,,,,,,,,,,,,,,,,,,,115,,140,,77,,114,170
"ZIDLICKY, ADAM","6' 0""",174,LEFT WING,MISSISSAUGA,OHL,,,,,,,,,,,,,,,,,,,,,,,,,,,,,,,,,,,,,,,,,,,,,,,,,,,,,,,,,,,,,,,,,,,,171
"MILIC, THOMAS","6' 0""",179,GOALIE,SEATTLE,WHL,,,,,,,,,,,,,,,,,,,,,,,,,,,,,,,,,,,,,,,,,,,,,,,,,,,,,,,,,,,,,153,,,,,,,173
"PIENINIEMI, EMIL","6' 2""",170,DEFENSEMAN,KARPAT JR.,FINLAND-JR.,,,,,,,,,,,,,,,,,,,,,,,,,,,,,,,,,,,,,,,,,,,,,,,,,,,,,,,,,,,76,,191,,64,,,,135,174
"THORNTON, HUDSON","5' 11""",180,DEFENSEMAN,PRINCE GEORGE,WHL,,,,,,,,,,,,,,,,,,,,,,,,,,,,,,,,,,,,,,,,,,,,,,,,,,,,,,,,,,,,,,,,,,,101,175
"GILL, JUSTIN","6' 1""",190,CENTER,SHERBROOKE,QMJHL,,,,,,,,,,,,,,,,,,,,,,,,,,,,,,,,,,,,,,,,,,,,,,,,,,,,,,,,,,,,,217,,,,,,,176
"BULANS, PETERIS","6' 0""",185,DEFENSEMAN,CHICOUTIMI,QMJHL,,,,,,,,,,,,,,,,,,,,,,,,,,,,,,,,,,,,,,,,,,,,,,,,,,,,,,,,,,,,,,,,,,,,177
"WIKMAN, ALBERT","6' 0""",191,DEFENSEMAN,FARJESTAD JR.,SWEDEN-JR.,,,,,,,,,,,,,,,,,,,,,,,,,,,,,,,,,,,,,,,,,,,,,,,,,,,,,,,37,60,71,,92,,74,81,121,91,,,86,179
"SCHULZ, ZACHARY","6' 1""",195,DEFENSEMAN,USA U-18,NTDP,,,,,,,,,,,,,,,,,,,,,,,,,,,,,,,,,,,,,,,,,,,,,,,,,,,,,,,,,90,,,,,,118,,,,,180
"VESTERHEIM, PETTER","5' 11""",165,CENTER,MORA JR.,SWEDEN-JR.,,,,,,,,,,,,,,,,,,,,,,,,,,,,,,,,,,,,,,,,,,,,,,,,,,,,,,,,70,,,,94,216,,88,100,,,,182
"DE LUCA, TOMMASO","5' 11""",178,CENTER,SPOKANE,WHL,,,,,,,,,,,,,,,,,,,,,,,,,,,,,,,,,,,,,,,,,,,,,,,,,,,,,,,,,,,,,,,,,,,102,183
"MACDONELL, ANGUS","5' 9""",180,CENTER,MISSISSAUGA,OHL,,,,,,,,,,,,,,,,,,,,,,,,,,,,,,,,,,,,,,,,,,,,,,,,,,,,,,,,,,,,,148,,,,,100,,185
"JENCKO, DANIEL ALEXANDER","5' 11""",165,CENTER,MALMO JR.,SWEDEN-JR.,,,,,,,,,,,,,,,,,,,,,,,,,,,,,,,,,,,,,,,,,,,,,,,,,,,,,,,,,,,,,,,,,,,,186
"FISCHER, PAUL","6' 1""",195,DEFENSEMAN,USA U-18,NTDP,,,,,,63,,,,,,,69,,,,,,,,,,,,,,,,,,,,,,,,,,,,,,,,,,89,89,,,,,,,72,,89,,,,161,,119,,,,118,187
"KOSTADINSKI, KRISTIAN","6' 5""",213,DEFENSEMAN,FROLUNDA JR.,SWEDEN-JR.,,,,,,,,,,,,,,,,,,,,,,,,,,,,,,,,,,,,,,,,99,,,,,,,,,,,,,,,,,,,,,,,,,,,,188
"PARKER, KALEM","6' 0""",192,DEFENSEMAN,VICTORIA,WHL,,,,,,,,,,,,,,,,,,,,,,,,,,,,,,,,,,,,,,,,,,,,,,,,,,,,,,,,,,,,,,,,,,,131,189
"LANDEN, AXEL","6' 1""",185,DEFENSEMAN,HV 71 JR.,SWEDEN-JR.,,,,,,,,,,,,,,,,,,,,,,,,,,,,,,,,,,,,,,,,,,,,,,,,,,,,,,,,,73,,,,118,,126,,,,,190
"PETTERSSON, HUGO","6' 0""",180,LEFT WING,HV 71 JR.,SWEDEN-JR.,,,,,,,,,,,,,,,,,,,,,,,,,,,,,,,,,,,,,,,,,,,,,,,,,,,,,,,,,,,,,,,,,,,,191
"MILLER, QUENTIN","6' 2""",183,GOALIE,QUEBEC,QMJHL,,,,,,,,,,,,,,,,,,,,,,,,,,,,,,,,,,,,,,,,,,,,,,,,,,,,,,,,,,,,,,,,,,,,192
"ALRIKSSON, VILMER","6' 6""",214,LEFT WING,DJURGARDEN JR.,SWEDEN-JR.,,,,,,,,,,,,,,,,,,,,,,,,,,,,,,,,,,,,,,,,,,,,,,,,,,,,,,,,,,,,,,,,,,,,193
"KUKUMBERG, ROMAN","6' 0""",183,LEFT WING,BRATISLAVA,SLOVAKIA,,,,,,,,,,,,,,,,,,,,,,,,,,,,,,,,,,,,,,,,,,,,,,,,,,,,,,,,,,,,,,,,,,,,194
"HELLNEMO, ALEXANDER","6' 2""",183,GOALIE,SKELLEFTEA JR.,SWEDEN-JR.,,,,,,,,,,,,,,,,,,,,,,,,,,,,,,,,,,,,,,,,,,,,,,,,,,,,,,,,,,,,,119,,,,,,88,195
"CEDZO, ADAM","5' 10""",163,LEFT WING,TRINEC JR.,CZECHIA-JR.,,,,,,,,,,,,,,,,,,,,,,,,,,,,,,,,,,,,,,,,,,,,,,,,,,,,,,,,,,,,,,,,,,,,197
"HEDQVIST, ISAC","5' 9""",158,CENTER,LULEA JR.,SWEDEN-JR.,,,,,,,,,,,,,,,,,,,,,,,,,,,,,,,,,,,,,,,,,,,,,,,,,,,,,,,,74,,,,,105,,,,,,107,199
"CARLSSON, KALLE","6' 0""",172,CENTER,OREBRO JR.,SWEDEN-JR.,,,,,,,,,,,,,,,,,,,,,,,,,,,,,,,,,,,,,,,,,,,,,,24,56,79,,,,,,,,,,,,,,,,,,,,200
"PORT, VOJTECH","6' 2""",168,DEFENSEMAN,EDMONTON,WHL,,,,,,,,,,,,,,,,,,,,,,,,,,,,,,,,,,,,,,,,,,,,,,,,,,,,,,,,,,,,,158,,,,,,91,201
"REMEZOVSKIY, IVAN","6' 1""",167,DEFENSEMAN,SKA ST. PETERSBURG JR.,RUSSIA-JR.,,,,,,,,,,,,,,,,,,,,,,,,,,,,,,,,,,,,,,,,63,,,,,,,,,,,,,,,,,,,,,,,,,,,,202
"OUTWATER, OWEN","6' 2""",161,CENTER,KINGSTON,OHL,,,,,,,,,,,,,,,,,,,,,,,,,,,,,,,,,,,,,,,,,,,,,,,,,,,,,,,,,,,,,,,,,,,,203
"ADAMS, TANNER","5' 11""",184,RIGHT WING,TRI-CITY,USHL,,,,,,,,,,,,,,,,,,,,,,,,,,,,,,,,,,,,61,,,,,,,43,,,,,82,,,,,,,69,,,,,70,166,,127,,,,,204
"SPUNAR, JAN","6' 3""",185,GOALIE,PORTLAND,WHL,,,,,,,,,,,,,,,,,,,,,,,,,,,,,,,,,,,,,,,,,,,,,,,,,,,,,,,,,,,,,,,,,,,,205
"CONMY, RYAN","5' 10""",188,RIGHT WING,SIOUX CITY,USHL,,,,,,,,,,,,,,,,,,,,,,,,,,,,,,,,,,,,,,,,,,,,,,,,,,,,,,,,,,,,,170,,,,,,,206
"HANSON, TY","5' 9""",175,DEFENSEMAN,SIOUX CITY,USHL,,,,,,,,,,,,,,,,,,,,,,,,,,,,,,,,,,,,,,,,,,,,,,,,,,,,,,,,,,,,,,,,,,,,207
"POHLKAMP, ERIC","5' 10""",201,DEFENSEMAN,CEDAR RAPIDS,USHL,,,,,,,,,,,,,,,,,,,,,,,,,,,,,,,,,,97,,,,,,,,,,,,,,,,,,,,,,,,,,,127,,,,,,,209
"CLARK, JAMES","6' 0""",179,LEFT WING,GREEN BAY,USHL,,,,,,,,,,,,,,,,,,,,,,,,,,,,,,,,,,,,,,,,,,,,,,,,,,,,,,,,,,,,,,,,,,,110,210
"URBAN, SAMUEL","6' 1""",196,GOALIE,SIOUX CITY,USHL,,,,,,,,,,,,,,,,,,,,,,,,,,,,,,,,,,,,,,,,,,,,,,,,,,,,,,,,,85,,,,143,,,,,,,211
"ST. DENIS, MAEL","6' 0""",187,CENTER,RIMOUSKI,QMJHL,,,,,,,,,,,,,,,,,,,,,,,,,,,,,,,,,,,,,,,,,,,,,,,,,,,,,,,,,,,,,,,,,,,,212
"DEANGELO, MICHAEL","5' 11""",180,LEFT WING,GREEN BAY,USHL,,,,,,,,,,,,,,,,,,,,,,,,,,,,,,,,,,,,,,,,,,,,,,,,,,,,,,,78,,,,,,159,,,,,,,214
"BEAUDRY, MARC-OLIVIER","6' 0""",174,DEFENSEMAN,DRUMMONDVILLE,QMJHL,,,,,,,,,,,,,,,,,,,,,,,,,,,,,,,,,,,,,,,,,,,,,,,,,,,,,,,,,,,,,,,,,,,,215
"SVENSSON, JOEL","6' 1""",183,CENTER,VAXJO JR.,SWEDEN-JR.,,,,,,,,,,,,,,,,,,,,,,,,,,,,,,,,,,,,,,,,,,,,,,,,,,,,,,,,,,,,,,,,,,,,216
"PECK, STEPHEN","6' 2""",170,GOALIE,AVON OLD FARMS,HIGH-CT,,,,,,,,,,,,,,,,,,,,,,,,,,,,,,,,,,,,,,,,,,,,,,,,,,,,,,,,,,,,,106,,,,,,,220
"SJOHOLM, VICTOR","5' 9""",178,DEFENSEMAN,HV 71,SWEDEN,,,,,,,,,,,,,,,,,,,,,,,,,,,,,,,,,,,,,,,,,,,,,,,,,,,,,,,,,,,,,194,,,,,,,223
"FOSTER, COOPER","5' 11""",172,CENTER,OTTAWA,OHL,,,,,,,,,,,,,,,,,,,,,,,,,,,,,,,,,,,,,,,,,,,,,,,,,,,,,,,,,,,,,,,,,,,,224
"BURCHILL, MICHAEL","5' 10""",154,RIGHT WING,DUBUQUE,USHL,,,,,,,,,,,,,,,,,,,,,,,,,,,,,,,,,,,,,,,,96,,,,,,,,,,,,,,,,,,,,,,,,,,,134,225
"TOPILNYCKYJ, ANTON","6' 2""",177,DEFENSEMAN,CHARLOTTETOWN,QMJHL,,,,,,,,,,,,,,,,,,,,,,,,,,,,,,,,,,,,,,,,,,,,,,,,,,,,,,,,,,,,,,,,,,,,228
"KANGAS, KALLE","6' 4""",205,DEFENSEMAN,JOKERIT JR.,FINLAND-JR.,,,,,,,,,,,,,,,,,,,,,,,,,,,,,,,,,,,,,,,,,,,,,,,,,,,,,,,,,,,,,,,,,,,,230
"MALINOSKI, HUDSON","6' 0""",175,CENTER,BROOKS,AJHL,,,,,,,,,,,,,,,,,,,,,,,,,,,,,,,,,,,,,,,,,,,,,,,,,,,,,,,,,,,,,162,,96,,,,,231
"WORMALD, LOGAN","5' 10""",144,LEFT WING,LETHBRIDGE,WHL,,,,,,,,,,,,,,,,,,,,,,,,,,,,,,,,,,,,,,,,,,,,,,,,,,,,,,,,,,,,,,,,,,,,233
"CELEBRINI, AIDEN","6' 1""",187,DEFENSEMAN,BROOKS,AJHL,,,,,,,,,,,,,,,,,,,,,,,,,,,,,,,,,,,,,,,,,,,,,,,,,,,,,,,,,,,,,,,,,,,,235
"TULK, OLIVER","5' 7""",170,CENTER,CALGARY,WHL,,,,,,,,,,,,,,,,,,,,,,,,,,,,,,,,,,80,,,,,,,,,,,,,74,,,,,,,,,,,,,,180,,,,,,,236
"ROMEO, LUCAS","6' 2""",195,RIGHT WING,CHARLOTTETOWN,QMJHL,,,,,,,,,,,,,,,,,,,,,,,,,,,,,,,,,,,,,,,,,,,,,,,,,,,,,,,,,,,,,,,,,,,,238
"ERIKSSON, FILIP","6' 0""",172,CENTER,VAXJO JR.,SWEDEN-JR.,,,,,,,,,,,,,,,,,,,,,,,,,,,,,,,,,,,,,,,,,,,,,,,,,,,,,,,,,,,,,,,,,,,,239
"HELLBERG, HANNES","6' 1""",185,RIGHT WING,LEKSAND JR.,SWEDEN-JR.,,,,,,,,,,,,,,,,,,,,,,,,,,,,,,,,,,,,,,,,,,,,,,,,,,,,,,,,,,,,,150,,86,,,,,240
"DYBAL, ADAM","6' 1""",166,GOALIE,KARLOVY VARY JR.,CZECHIA-JR.,,,,,,,,,,,,,,,,,,,,,,,,,,,,,,,,,,,,,,,,,,,,,,,,,,,,,,,,,,,,,196,,,,,,,241
"DAY, NATHANIEL","6' 2""",181,GOALIE,FLINT,OHL,,,,,,,,,,,,,,,,,,,,,,,,,,,,,,,,,,,,,,,,,,,,,,,,,,,,,,,,,,,,,,,,,,,,242
"JUNKKARI, JIMI","6' 1""",178,DEFENSEMAN,PELICANS JR.,FINLAND-JR.,,,,,,,,,,,,,,,,,,,,,,,,,,,,,,,,,,,,,,,,,,,,,,,,,,,,,,,,,,,,,,,,,,,,243
"FELCMAN, JIRI","6' 4""",198,CENTER,LANGNAU JR.,SWISS-JR.,,,,,,,,,,,,,,,,,,,,,,,,,,,,,,,,,,,,,,,,,,,,,,,,,,,,,,,,,,,,,,,,,,,,244
"RIX, ELIS","6' 2""",198,LEFT WING,VAXJO JR.,SWEDEN-JR.,,,,,,,,,,,,,,,,,,,,,,,,,,,,,,,,,,,,,,,,,,,,,,,,,,,,,,,,,,,,,,,,,,,,245
"MATEJICEK, MARTIN","6' 1""",205,DEFENSEMAN,JIHLAVA JR.,CZECHIA-JR.,,,,,,,,,,,,,,,,,,,,,,,,,,,,,,,,,,,,,,,,,,,,,,,,,,,,,,,,,,,,,,,,,,,,247
"GUZZO, SALVATORE","6' 0""",185,RIGHT WING,USA U-18,NTDP,,,,,,,,,,,,,,,,,,,,,,,,,,,,,,,,,,,,,,,,,,,,,,,,,,,,,,,,,,,,,,,,,,,,248
"KOCI, MATTEO","6' 0""",176,DEFENSEMAN,KARLOVY VARY JR.,CZECHIA-JR.,,,,,,,,,,,,,,,,,,,,,,,,,,,,,,,,,,,,,,,,,,,,,,,,,,,,,,,,,,,,,,,,,,,,249
"LUNDGREN, MAX","6' 4""",234,GOALIE,DES MOINES,USHL,,,,,,,,,,,,,,,,,,,,,,,,,,,,,,,,,,,,,,,,,,,,,,,,,,,,,,,,,,,,,,,131,,,,,251
"MEIER, SIMON","5' 8""",150,CENTER,KLOTEN JR.,SWISS-JR.,,,,,,,,,,,,,,,,,,,,,,,,,,,,,,,,,,,,,,,,,,,,,,,,,,,,,,,,,,,,,,,,,,,,252
"LACROIX, ANDREW","6' 0""",192,CENTER,CHILLIWACK,BCHL,,,,,,,,,,,,,,,,,,,,,,,,,,,,,,,,,,,,,,,,,,,,,,,,,,,,,,,,,,,,,,,,,,,,253
"WILLIS, JOEY","5' 10""",170,CENTER,SAGINAW,OHL,,,,,,,,,,,,,,,,,32,41,41,,,,,,,,,,,,,,,,,,72,,,,,,,,,,,,,73,,,,,,,,,,,146,75,,,,,49,254
"CLEVELAND, BRADY","6' 5""",211,DEFENSEMAN,USA U-18,NTDP,,,,,,,,,,,,,66,,,,,,,,,,,,,,,,,,,,,,,,,,,,,,,,,,,98,,,,,,,55,51,,,75,97,121,,114,68,94,,120,257
"DEJ, FRANTISEK","6' 4""",200,CENTER,MODRE KRIDLA SLOVAN,SLOVAKIA-2,,,,,,,,,,,,,,,,,,,,,,,,,,,,,,,,,,,,,,,,,,,,,,,,,,,,,,,,85,,,,,212,,104,,,,,259
"HELL, HUGO","6' 0""",176,DEFENSEMAN,FARJESTAD JR.,SWEDEN-JR.,,,,,,,,,,,,,,,,,,,,,,,,,,,,,,,,,,,,,,,,,,,,,,,,,,,,,,,,,,,,,,,,,,,,260
"SLUKYNSKY, HAMPTON","6' 1""",179,GOALIE,WARROAD,HIGH-MN,,,,,,,,,,,,,,,,,,,,,,,,,,,,,,,,,,,,,,,,,,,,,,,,,,,,,,,,,,,,,223,,,,,,,262
"HES, LUKAS","6' 3""",187,RIGHT WING,ZLIN JR.,CZECHIA-JR.,,,,,,,,,,,,,,,,,,,,,,,,,,,,,,,,,,,,,,,,,,,,,,,,,,,,,,,,,,,,,,,,97,,,,263
"DAVIAULT, ALEXIS","5' 11""",177,DEFENSEMAN,ERIE,OHL,,,,,,,,,,,,,,,,,,,,,,,,,,,,,,,,,,,,,,,,,,,,,,,,,,,,,,,,,,,,,,,,,,,,266
"BORN, ISAC","6' 0""",176,CENTER,FROLUNDA,SWEDEN,,,,,,,,,,,,,,,,,,,,,,,,,,,,,,,,,,,,,,,,,,,,,,,,,,,,,,,,,,,,,181,,,,,,,269
"SCHNELLER, ERIC","5' 11""",183,DEFENSEMAN,ROGLE JR.,SWEDEN-JR.,,,,,,,,,,,,,,,,,,,,,,,,,,,,,,,,,,,,,,,,,,,,,,,,,,,,,,,,,,,,,,,,,,,,270
"STAHLBERG, ELLIOT","6' 0""",183,LEFT WING,FARJESTAD JR.,SWEDEN-JR.,,,,,,,,,,,,,,,,,,,,,,,,,,,,,,,,,,,,,,,,,,,,,,,,,,,,,,,,,,,,,185,,,,,,,271
"YLITALO, OTSO","6' 3""",176,LEFT WING,KARPAT JR.,FINLAND-JR.,,,,,,,,,,,,,,,,,,,,,,,,,,,,,,,,,,,,,,,,,,,,,,,,,,,,,,,,,,,,,,,,,,,,274
"HOPKINS, RYAN","6' 1""",183,DEFENSEMAN,PENTICTON,BCHL,,,,,,,,,,,,,,,,,,,,,,,,,,,,,,,,,,,,,,,,,,,,,,,,,,,,,,,,,,,,,,,,,,,,275
"KORPI, CAMERON","6' 2""",153,GOALIE,TRI-CITY,USHL,,,,,,,,,,,,,,,,,,,,,,,,,,,,,,,,,,,,,,,,,,,,,,,,,,,,,,,,,,,,,,,,,,,,277
"SAGRANDEN, LUKAS","5' 8""",161,RIGHT WING,OREBRO JR.,SWEDEN-JR.,,,,,,,,,,,,,,,,,,,,,,,,,,,,,,,,,,,,,,,,,,,,,,,,,,,,,,,,,,,,,,,,,,,,278
"SEVER, MARK","5' 11""",170,LEFT WING,KLOTEN JR.,SWISS-JR.,,,,,,,,,,,,,,,,,,,,,,,,,,,,,,,,,,,,,,,,,,,,,,,,,,,,,,,,,,,,,,,,,,,,281
"OZOLS, AKSELS","6' 1""",155,GOALIE,HS RIGA,LATVIA,,,,,,,,,,,,,,,,,,,,,,,,,,,,,,,,,,,,,,,,,,,,,,,,,,,,,,,,,,,,,,,,,,,,284
"VOLAS, PATRIK","6' 4""",209,DEFENSEMAN,TRINEC JR.,CZECHIA-JR.,,,,,,,,,,,,,,,,,,,,,,,,,,,,,,,,,,,,,,,,,,,,,,,,,,,,,,,,,,,,,,,,,,,,286
"BICKER, KEVIN","6' 0""",176,LEFT WING,MANNHEIM JR.,GERMANY-JR.,,,,,,,,,,,,,,,,,,,,,,,,,,29,29,,,,,,,,,,,,,,,,,,,,,,,,,,,,,,,,,,,,,,,,,287
"RULLERS, RAINERS","6' 4""",194,CENTER,ZEMGALE,FINLAND-2,,,,,,,,,,,,,,,,,,,,,,,,,,,,,,,,,,,,,,,,,,,,,,,,,,,,,,,,,,,,,,,,,,,,288
"VALIS, BORYA","6' 1""",182,RIGHT WING,REGINA,WHL,,,,,,,,,,,,,,,,,,,,,,,,,,,,,,,,,,,,,,,,,,,,,,,,,,,,,,,,,,,,,,,,,,,,289
"CLARA, DAMIAN","6' 6""",214,GOALIE,FARJESTAD JR.,SWEDEN-JR.,,,,,,,,,,,,,,,,,,,,,,,,,,,,,,,,,,,,,,,,,,,,,,,,,,,,,,,,,,,,,131,,137,,,,83,291
"MANTEI, QUINN","6' 0""",180,DEFENSEMAN,BRANDON,WHL,,,,,,,,,,,,,,,,,,,,,,,,,,,,,,,,,,,,,,,,,,,,,,,,,,,,,,,,,,,,,155,,,,,,,292
"MCCOY, DONOVAN","6' 0""",200,DEFENSEMAN,PETERBOROUGH,OHL,,,,,,,,,,,,,,,,,,,,,,,,,,,,,,,,,,,,,,,,,,,,,,42,75,,,,,,,,,,,,,,,,,,,,122,293
"JATKOLA, JUHA","6' 1""",176,GOALIE,KALPA,FINLAND,,,,,,,,,,,,,,,,,,,,,,,,,,,,,,,,,,,,,,,,,,,,,,,,,,,,,,,,,,,,,102,,,,,,94,294
"RIDE, BRONSON","6' 6""",201,DEFENSEMAN,NIAGARA,OHL,,,,,,,,,,,,,,,,,,,,,,,,,,,,,,,,,,,,,,,,,,,,,,,,,,,,,,,,,,,,,,,,,,,,295
"ROMANI, ANTHONY","6' 0""",178,CENTER,NORTH BAY,OHL,,,,,,,,,,,,,,,,,,,,,,,,,,,,,,,,,,,,,,,,,,,,,,,,,,,,,,,,,,,,,,,,,,,,296
"BARCIK, SAMUEL","6' 2""",191,DEFENSEMAN,ZVOLEN,SLOVAKIA,,,,,,,,,,,,,,,,,,,,,,,,,,,,,,,,,,,,,,,,,,,,,,,,,,,,,,,,,,,,,,,,,,,,297
"UNGER, JACKSON","6' 1""",179,GOALIE,MOOSE JAW,WHL,,,,,,,,,,,,,,,,,,,,,,,,,,,,,,,,,,,,,,,,,,,,,,,,,,,,,,,,,,,,,,,,,,,,300
"MCCARTHY, GAVIN","6' 2""",185,DEFENSEMAN,MUSKEGON,USHL,,,,30,,49,,,,,,,75,,,,,,,,,39,,,,,,,,,,,,83,,,51,,,,,60,46,,,,,78,,51,,,,,83,,,,81,,95,51,53,,48,77,70,
"DIONICIO, RODWIN","6' 2""",207,DEFENSEMAN,WINDSOR,OHL,,,,,,,,,,,,,,,,,,,,,,,,,,,,,,,,,,,,,,,,,,,,,,,,,,,,,,,,,92,,,,172,,,,,,90,
"DELL'ELCE, FRANCESCO","6' 0""",165,DEFENSEMAN,ST. ANDREWS COLLEGE,HIGH-ON,,,,,,,,,,,,,,,,,,,,,,,,,,,,,,,,,,,,,,,,,,,,,,,,,,,,,,,,,,,,,97,99,,,,,93,
"KNUBLE, COLE","5' 11""",184,CENTER,FARGO,USHL,,,,,,,,,,,,,,,,,,,,,,,,,,,,,,,,,,,,,,,,,,,,,,,,,,,,,,,70,80,,,,87,125,83,,,,,106,
"NEHRING, ZACH","6' 3""",179,RIGHT WING,SHATTUCK - ST.MARY'S PREP,HIGH-MN,,,,,,,,,,,,,,,,,,,,,,,,,,,,,,,,,,,,,,,,,,,,,,,,,,,,,,,,,,,,,103,,87,,,99,116,
"ST. LOUIS, LUCAS","5' 10""",164,DEFENSEMAN,DUBUQUE,USHL,,,,,,,,,,,,,,,,,,,,,,,,,,,,,,,,,,,,,,,,,,,,,,,,,,,,,,,,,,,,,,,,,,,125,
"WEIERMAIR, ALEXANDER","6' 1""",190,CENTER,USA U-18,NTDP,,,,,,53,,,,,,,,,,,,,,,,33,,,,,,,,,,,,,,,,,,,,,,,,,,,,,,,,,,,,,,,218,,,,,,126,
"CASTAGNA, JONATHAN","6' 1""",183,CENTER,ST. ANDREWS COLLEGE,HIGH-ON,,,,,,,,,,,,,,,,,,,,,,,,,,,,,,,,,,,,,,,,,,,,,,,,,,,,,,,,,,,100,,165,,,,,,127,
"FORTESCUE, DREW","6' 1""",176,DEFENSEMAN,USA U-18,NTDP,,,,,,,,,,,,,78,,,,,,,,,,,,,,,,,,,,,,,,,,,,,,,,,,84,84,,,,,,,,,76,,,,82,,120,,96,,,
"CERRATO, CHARLIE","5' 11""",185,CENTER,USA U-17,NTDP,,,,,,,,,,,,,,,,,,,,,,,,,,,,,,,,,,,,,,,,,,,,,,,,,,,,,,,,,,,,,,,,86,,,,
"KARPOVICH, DANIIL","6' 3""",209,DEFENSEMAN,YEKATERINBURG JR.,RUSSIA-JR.,,,,,,,,,,,,,,,,,,,,,,,,,,,,,,,,,,,,,,,,,,,,,,,90,85,,,,,,,,,,,,,137,,47,,,,,
"RIMASHEVSKIY, YEGOR","6' 2""",197,RIGHT WING,DYNAMO MOSCOW JR.,RUSSIA-JR.,,,,,,,,,,,,,,,,,,,,,,,,,,,,,,,,,,,,,,,,,,,,,,,,,,,,,,,,,,,,,90,,67,,,,,
"OSCARSON, MILTON","6' 6""",216,CENTER,OREBRO,SWEDEN,,,,,,,,,,,,,,,,,,,,,,,,,,,,,,,,,,,,,,,,,,,,,,,,,,,,,,,,,,,,,,,82,,,,,
"FABRIZI, MATTEO","6' 5""",238,DEFENSEMAN,RED DEER,WHL,,,,,,,,,,,,,,,,,,,,,,,,,,,,,,,,,,,,,,,,,,,,,,,,,,,,,,,,,,,,,,,85,,,,,
"VOLOCHKO, KONSTANTIN","6' 0""",170,DEFENSEMAN,DINAMO-SHINNIK JR.,RUSSIA-JR.,,,,,,,,,,,,,,,,,,,,,,,,,,,,,,,,,,,,,,,,,,,,,,,,,,,,,,,,,,,,,149,,115,,,,,
"KEENAN, LARRY","6' 3""",185,DEFENSEMAN,CULVER ACADEMY,HIGH-IN,,,,,,,,,,,,,,,,,,,,,,,,,,,,,,,,,,,,,,,,,,,,,,,,,,,,,,,,,,,,88,99,,123,,,,,
"LARSSON, RASMUS","6' 3""",200,DEFENSEMAN,VASTERAS JR.,SWEDEN-JR.,,,,,,,,,,,,,,,,,,,,,,,,,,,,,,,,,,,,,,,,,,,,,,,,,,,,,,,,,,,,,,,124,,,,,
"SMITH, KONNOR","6' 5""",208,DEFENSEMAN,PETERBOROUGH,OHL,,,,,,,,,,,,,,,,,,,,,,,,,,,,,,,,,,,,,,,,,,,,,,,,,,,,,,,,,,,,,,,125,,,,,
"NEDOPEKIN, NIKITA","5' 10""",187,CENTER,SKA ST. PETERSBURG JR.,RUSSIA-JR.,,,,,,,,,,,,,,,,,,,,,,,,,,,,,,,,,,,,,,,,,,,,,,,,,,,,,,,,,,,,,120,,128,,,,,
"ISHIMNIKOV, NIKITA","6' 3""",194,DEFENSEMAN,YEKATERINBURG JR.,RUSSIA-JR.,,,,,,,,,,,,,,,,,,,,,,,,,,,,,,,,,,,,,,,,,,,,,,,,,,,,,,,,,,,,,174,,129,,,,,
"MOROZ, VADIM","6' 2""",185,RIGHT WING,MINSK,RUSSIA,,,,,,,,,,,,,,,,,,,,,,,,,,,,,,,,,,,,,,,,,,,,,,,,,,,,,,,,,,,,,206,,130,,,,,
"KASHTANOV, ARTYOM","6' 6""",190,CENTER,YEKATERINBURG JR.,RUSSIA-JR.,,,,,,,,,,,,,,,,,,,,,,,,,,,,,,,,,,,,,,,,,,,,,,,,,,,,,,,,,,,,,147,,136,,,,,
"ANOSHKO, IVAN","5' 11""",167,CENTER,DINAMO-SHINNIK JR.,RUSSIA-JR.,,,,,,,,,,,,,,,,,,,,,,,,,,,,,,,,,,,,,,,,,,,,,,,,,,,,,,,,,,,,,186,,141,,,,,
"KHAZHEYEV, RUSLAN","6' 4""",201,GOALIE,CHELYABINSK JR.,RUSSIA-JR.,,,,,,,,,,,,,,,,,,,,,,,,,,,,,,,,,,,,,,,,,,,,,,,,,,,,,,,,,,,97,,,,142,,,,,
"HANZEL, JEREMY","6' 1""",196,DEFENSEMAN,SEATTLE,WHL,,,,,,,,,,,,,,,,,,,,,,,,,,,,,,,,,,,,,,,,,,,,,,,,,,,,,,,,,,,,,77,,,,,,,
"HENRICKS, TY","6' 4""",205,LEFT WING,MUSKEGON,USHL,,,,,,,,,,,,,,,,,,,,,,,,,,,,,,,,,,,,,,,,,,,,,,,,,,,,,,,,,,,,,113,,,,,,,
"CONNOR, JOSEPH","5' 10""",175,LEFT WING,AVON OLD FARMS,HIGH-CT,,,,,,,,,,,,,,,,,,,,,,,,,,,,,,,,,,,,,,,,,,,,,,,,,,,,,,,,,,,,,142,,,,,,,
"COPPONI, MATT","5' 10""",167,CENTER,MERRIMACK,H-EAST,,,,,,,,,,,,,,,,,,,,,,,,,,,,,,,,,,,,,,,,,,,,,,,,,,,,,,,,,,,,,157,,,,,,,
"WISDOM, ZACCHARYA","6' 0""",175,RIGHT WING,CEDAR RAPIDS,USHL,,,,,,,,,,,,,,,,,,,,,,,,,,,,,,,,,,,,,,,,,,,,,,,,,,,,,,,,,,,,,164,,,,,,,
"SCHERZER, IAN","6' 0""",183,CENTER,ROGLE JR.,SWEDEN-JR.,,,,,,,,,,,,,,,,,,,,,,,,,,,,,,,,,,,,,,,,,,,,,,,,,,,,,,,,,,,,,169,,,,,,,
"HAY, ETHAN","6' 1""",189,CENTER,FLINT,OHL,,,,,,,,,,,,,,,,,,,,,,,,,,,,,,,,,,,,,,,,,,,,,,,,,,,,,,,,,,,,,171,,,,,,,
"KIPKIE, JUSTIN","6' 3""",195,DEFENSEMAN,VICTORIA,WHL,,,,,,,,,,,,,,,,,,,,,,,,,,,,,,,,,,,,,,,,,,,,,,,,,,,,,,,,,,,,,175,,,,,,,
"ANDERSON, HUNTER","5' 9""",176,LEFT WING,SHATTUCK - ST.MARY'S PREP,HIGH-MN,,,,,,,,,,,,,,,,,,,,,,,,,,,,,,,,,,,,,,,,,,,,,,35,72,,,,,,,,,,,,,,178,,,,,,,
"SOVA, SPENCER","6' 0""",185,DEFENSEMAN,ERIE,OHL,,,,,,,,,,,,,,,,,,,,,,,,,,,,,,,,,,,,,,,,,,,,,,,,,,,,,,,,,,,,,179,,,,,,,
"JELSMA, BEAU","5' 9""",174,CENTER,BARRIE,OHL,,,,,,,,,,,,,,,,,,,,,,,,,,,,,,,,,,,,,,,,,,,,,,,,,,,,,,,,,,,,,182,,,,,,,
"YAROVOI, STANISLAV","5' 11""",190,RIGHT WING,VITYAZ,RUSSIA,,,,,,,,,,,,,,,,,,,,,,,,,,,,,,,,,,,,,,,,,,,,,,,,,,,,,,,,,,,,,184,,,,,,,
"JESSLI, ARON","6' 0""",183,LEFT WING,PICKERING,OJHL,,,,,,,,,,,,,,,,,,,,,,,,,,,,,,,,,,,,,,,,,,,,,,,,,,,,,,,,,,,,,195,,,,,,,
"FAUCHON, JONATHAN","5' 10""",170,CENTER,BLAINVILLE-BOISBRIAND,QMJHL,,,,,,,,,,,,,,,,,,,,,,,,,,,,,,,,,,,,,,,,,,,,,,,,,,,,,,,,,,,,,197,,,,,,,
"VALI, NOA","6' 0""",159,GOALIE,TPS JR.,FINLAND-JR.,,,,,,,,,,,,,,,,,,,,,,,,,,,,,,,,,,,,,,,,,,,,,,,,,,,,,,,,,,,,,,,,,,,,
"MATECHA, LUKAS","6' 3""",187,GOALIE,PARDUBICE JR.,CZECHIA-JR.,,,,,,,,,,,,,,,,,,,,,,,,,,,,,,,,,,,,,,,,,,,,,,,,,,,,,,,,,,,,,,,,,,,,
"VEDENPAA, VISA","6' 2""",170,GOALIE,KARPAT JR.,FINLAND-JR.,,,,,,,,,,,,,,,,,,,,,,,,,,,,,,,,,,,,,,,,,,,,,,,,,,,,,,,,,,,,,,,,,,,,
"LAMPINEN, JANI","6' 2""",185,GOALIE,K-ESPOO,FINLAND-2,,,,,,,,,,,,,,,,,,,,,,,,,,,,,,,,,,,,,,,,,,,,,,,,,,,,,,,,,,,,,,,,,,,,
"BOWEN, ZACHARY","6' 2""",176,GOALIE,LONDON,OHL,,,,,,,,,,,,,,,,,,,,,,,,,,,,,,,,,,,,,,,,,,,,,,,,,,,,,,,,,,,,,,,,,,,,
"GUIMOND, RUDY","6' 2""",166,GOALIE,TAFT SCHOOL,HIGH-CT,,,,,,,,,,,,,,,,,,,,,,,,,,,,,,,,,,,,,,,,,,,,,,,,,,,,,,,,,,,,,,,,,,,,
"HEROUX, DANIEL","6' 1""",190,GOALIE,KIMBALL UNION,HIGH-NH,,,,,,,,,,,,,,,,,,,,,,,,,,,,,,,,,,,,,,,,,,,,,,,,,,,,,,,,,,,,,,,,,,,,
"BERZINS, PATRIKS","6' 1""",164,GOALIE,TRI-CITY,USHL,,,,,,,,,,,,,,,,,,,,,,,,,,,,,,,,,,,,,,,,,,,,,,,,,,,,,,,,,,,,,,,,,,,,
"MICHALUK, COOPER","6' 1""",166,GOALIE,SPOKANE,WHL,,,,,,,,,,,,,,,,,,,,,,,,,,,,,,,,,,,,,,,,,,,,,,,,,,,,,,,,,,,,,,,,,,,,
"SCHENKEL, CHARLIE","6' 6""",197,GOALIE,SAULT STE. MARIE,OHL,,,,,,,,,,,,,,,,,,,,,,,,,,,,,,,,,,,,,,,,,,,,,,,,,,,,,,,,,,,,,,,,,,,,
"ERNST, DYLAN","6' 2""",196,GOALIE,KAMLOOPS,WHL,,,,,,,,,,,,,,,,,,,,,,,,,,,,,,,,,,,,,,,,,,,,,,,,,,,,,,,,,,,,,,,,,,,,
"FLORES, OWEN","6' 2""",178,GOALIE,NIAGARA,OHL,,,,,,,,,,,,,,,,,,,,,,,,,,,,,,,,,,,,,,,,,,,,,,,,,,,,,,,,,,,,,,,,,,,,
"OKE, ANDREW","6' 2""",194,GOALIE,SAGINAW,OHL,,,,,,,,,,,,,,,,,,,,,,,,,,,,,,,,,,,,,,,,,,,,,,,,,,,,,,,,,,,,,,,,,,,,
"FLEMING, JOSHUA","6' 0""",140,GOALIE,ACADIE-BATHURST,QMJHL,,,,,,,,,,,,,,,,,,,,,,,,,,,,,,,,,,,,,,,,,,,,,,,,,,,,,,,,,,,,,,,,,,,,
"METZGER, TIM","6' 5""",192,GOALIE,EVERETT,WHL,,,,,,,,,,,,,,,,,,,,,,,,,,,,,,,,,,,,,,,,,,,,,,,,,,,,,,,,,,,,,,,,,,,,
"VOTARY, CORBIN","6' 2""",198,GOALIE,OWEN SOUND,OHL,,,,,,,,,,,,,,,,,,,,,,,,,,,,,,,,,,,,,,,,,,,,,,,,,,,,,,,,,,,,,,,,,,,,
"FIALA, SAMUEL","6' 1""",172,CENTER,LIBEREC JR.,CZECHIA-JR.,,,,,,,,,,,,,,,,,,,,,,,,,,,,,,,,,,,,,,,,,,,,,,,,,,,,,,,,,,,,,,,,,,,,
"VEHOVSKY, MAXIM","6' 2""",196,RIGHT WING,VITKOVICE JR.,CZECHIA-JR.,,,,,,,,,,,,,,,,,,,,,,,,,,,,,,,,,,,,,,,,,,,,,,,,,,,,,,,,,,,,,,,,,,,,
"VOVSIK, MATEJ","6' 3""",191,DEFENSEMAN,JIHLAVA JR.,CZECHIA-JR.,,,,,,,,,,,,,,,,,,,,,,,,,,,,,,,,,,,,,,,,,,,,,,,,,,,,,,,,,,,,,,,,,,,,
"MARYSHEV, ANTON","6' 0""",163,DEFENSEMAN,SPARTAK JR.,RUSSIA-JR.,,,,,,,,,,,,,,,,,,,,,,,,,,,,,,,,,,,,,,,,,,,,,,,,,,,,,,,,,,,,,,,,,,,,
"PELTONEN, JANNE","6' 3""",174,DEFENSEMAN,KARPAT JR.,FINLAND-JR.,,,,,,,,,,,,,,,,,,,,,,,,,,,,,,,,,,,,,,,,,,,,,,,,,,,,,,,,,,,,,,,,,,,,
"SHARAKANOV, MAGOMED","6' 1""",202,DEFENSEMAN,DYNAMO MOSCOW JR.,RUSSIA-JR.,,,,,,,,,,,,,,,,,,,,,,,,,,,,,,,,,,,,,,,,,,,,,,,,,,,,,,,,,,,,,,,,,,,,
"FRANSSON, HUGO","5' 11""",176,DEFENSEMAN,HV 71 JR.,SWEDEN-JR.,,,,,,,,,,,,,,,,,,,,,,,,,,,,,,,,,,,,,,,,,,,,,,,,,,,,,,,,,,,,,,,,,,,,
"SMIRNOV, EGOR","5' 10""",165,CENTER,CHEREPOVETS JR.,RUSSIA-JR.,,,,,,,,,,,,,,,,,,,,,,,,,,,,,,,,,,,,,,,,,,,,,,,,,,,,,,,,,,,,,,,,,,,,
"KEILIN, THEO","5' 11""",180,CENTER,SKELLEFTEA,SWEDEN,,,,,,,,,,,,,,,,,,,,,,,,,,,,,,,,,,,,,,,,,,,,,,,,,,,,,,,,,,,,,,,,,,,,
"PEREZ, JAROMIR","5' 11""",170,RIGHT WING,LIBEREC JR.,CZECHIA-JR.,,,,,,,,,,,,,,,,,,,,,,,,,,,,,,,,,,,,,,,,,,,,,,,,,,,,,,,,,,,,,,,,,,,,
"MAYICH, MATTHEW","6' 2""",187,DEFENSEMAN,OTTAWA,OHL,,,,,,,,,,,,,,,,,,,,,,,,,,,,,,,,,,,,,,,,,,,,,,,,,,,,,,,,,,,,,,,,,,,,
"ZVYAGIN, STEPAN","6' 0""",161,LEFT WING,DINAMO-SHINNIK JR.,RUSSIA-JR.,,,,,,,,,,,,,,,,,,,,,,,,,,,,,,,,,,,,,,,,,,,,,,,,,,,,,,,,,,,,,,,,,,,,
"HADOBAS, ZETENY","6' 2""",198,DEFENSEMAN,VASTERAS JR.,SWEDEN-JR.,,,,,,,,,,,,,,,,,,,,,,,,,,,,,,,,,,,,,,,,,,,,,,,,,,,,,,,,,,,,,,,,,,,,
"MAKSIMOV, MATVEI","5' 10""",178,RIGHT WING,DYNAMO MOSCOW JR.,RUSSIA-JR.,,,,,,,,,,,,,,,,,,,,,,,,,,,,,,,,,,,,,,,,,,,,,,,,,,,,,,,,,,,,,,,,,,,,
"MALOV, DENIS","6' 0""",176,LEFT WING,OMSK JR.,RUSSIA-JR.,,,,,,,,,,,,,,,,,,,,,,,,,,,,,,,,,,,,,,,,,,,,,,,,,,,,,,,,,,,,,,,,,,,,
"POITRAS, BENJAMIN","5' 10""",177,CENTER,SIOUX CITY,USHL,,,,,,,,,,,,,,,,,,,,,,,,,,,,,,,,,,,,,,,,,,,,,,,,,,,,,,,,,,,,,,,,,,,,
"SCHIOLDAN, ALBERT","6' 2""",185,RIGHT WING,HV 71 JR.,SWEDEN-JR.,,,,,,,,,,,,,,,,,,,,,,,,,,,,,,,,,,,,,,,,,,,,,,,,,,,,,,,,,,,,,,,,,,,,
"KARLSSON, OLLE","5' 11""",176,DEFENSEMAN,OREBRO JR.,SWEDEN-JR.,,,,,,,,,,,,,,,,,,,,,,,,,,,,,,,,,,,,,,,,,,,,,,,,,,,,,,,,,,,,,,,,,,,,
"ADAMEK, MATYAS","6' 0""",174,LEFT WING,KARLOVY VARY JR.,CZECHIA-JR.,,,,,,,,,,,,,,,,,,,,,,,,,,,,,,,,,,,,,,,,,,,,,,,,,,,,,,,,,,,,,,,,,,,,
"BECKNER, OWEN","6' 2""",175,CENTER,SALMON ARM,BCHL,,,,,,,,,,,,,,,,,,,,,,,,,,,,,,,,,,94,,,,,,,,,,,,,,,,,,,,,,,,,,,199,,,,,,,
"ZAMALTDINOV, RADEL","5' 9""",172,RIGHT WING,IRBIS KAZAN,RUSSIA-JR.,,,,,,,,,,,,,,,,,,,,,,,,,,,,,,,,,,,,,,,,,,,,,,,,,,,,,,,,,,,,,,,,,,,,
"SOLOVYEV, EGOR","6' 0""",198,LEFT WING,CSKA JR.,RUSSIA-JR.,,,,,,,,,,,,,,,,,,,,,,,,,,,,,,,,,,,,,,,,,,,,,,,,,,,,,,,,,,,,,,,,,,,,
"SVISCHEV, KIRILL","6' 2""",172,CENTER,CHELYABINSK JR.,RUSSIA-JR.,,,,,,,,,,,,,,,,,,,,,,,,,,,,,,,,,,,,,,,,,,,,,,,,,,,,,,,,,,,,,,,,,,,,
"ALASIURUA, ARTTU","5' 11""",161,CENTER,KARPAT JR.,FINLAND-JR.,,,,,,,,,,,,,,,,,,,,,,,,,,,,,,,,,,,,,,,,,,,,,,,,,,,,,,,,,,,,,,,,,,,,
"VERBITSKY, IGOR","5' 10""",185,DEFENSEMAN,DYNAMO MOSCOW JR.,RUSSIA-JR.,,,,,,,,,,,,,,,,,,,,,,,,,,,,,,,,,,,,,,,,,,,,,,,,,,,,,,,,,,,,,,,,,,,,
"PATALAKHA, MARIO","6' 1""",180,DEFENSEMAN,DYNAMO MOSCOW JR.,RUSSIA-JR.,,,,,,,,,,,,,,,,,,,,,,,,,,,,,,,,,,,,,,,,,,,,,,,,,,,,,,,,,,,,,,,,,,,,
"BAKLASHEV, NIKITA","6' 2""",183,DEFENSEMAN,DYNAMO MOSCOW JR.,RUSSIA-JR.,,,,,,,,,,,,,,,,,,,,,,,,,,,,,,,,,,,,,,,,,,,,,,,,,,,,,,,,,,,,,,,,,,,,
"BEDNARIK, JAKUB","6' 2""",185,LEFT WING,LITVINOV JR.,CZECHIA-JR.,,,,,,,,,,,,,,,,,,,,,,,,,,,,,,,,,,,,,,,,,,,,,,,,,,,,,,,,,,,,,,,,,,,,
"RUDSLATT, RASMUS","6' 0""",180,RIGHT WING,AIK JR.,SWEDEN-JR.,,,,,,,,,,,,,,,,,,,,,,,,,,,,,,,,,,,,,,,,,,,,,,,,,,,,,,,,,,,,,,,,,,,,
"MCNAMARA, LUKE","6' 2""",174,CENTER,SAGINAW,OHL,,,,,,,,,,,,,,,,,,,,,,,,,,,,,,,,,,,,,,,,,,,,,,,,,,,,,,,,,,,,,,,,,,,,
"KARPOV, ARTEM","6' 3""",207,DEFENSEMAN,YAROSLAVL JR.,RUSSIA-JR.,,,,,,,,,,,,,,,,,,,,,,,,,,,,,,,,,,,,,,,,,,,,,,,,,,,,,,,,,,,,,,,,,,,,
"PYANOV, EMIL","6' 2""",183,CENTER,DYNAMO MOSCOW JR.,RUSSIA-JR.,,,,,,,,,,,,,,,,,,,,,,,,,,,,,,,,,,,,,,,,,,,,,,,,,,,,,,,,,,,,,,,,,,,,
"CECH, ALES","6' 2""",196,DEFENSEMAN,MLADA BOLESLAV JR.,CZECHIA-JR.,,,,,,,,,,,,,,,,,,,,,,,,,,,,,,,,,,,,,,,,,,,,,,,,,,,,,,,,,,,,,,,,,,,,
"PAVELEC, PETR","6' 0""",203,LEFT WING,VITKOVICE JR.,CZECHIA-JR.,,,,,,,,,,,,,,,,,,,,,,,,,,,,,,,,,,,,,,,,,,,,,,,,,,,,,,,,,,,,,,,,,,,,
"SAGADIN, JACOB","6' 0""",180,CENTER,VAXJO JR.,SWEDEN-JR.,,,,,,,,,,,,,,,,,,,,,,,,,,,,,,,,,,,,,,,,,,,,,,,,,,,,,,,,,,,,,,,,,,,,
"MCMILLAN, DEAGAN","6' 2""",196,RIGHT WING,TRI-CITY,WHL,,,,,,,,,,,,,,,,,,,,,,,,,,,,,,,,,,,,,,,,,,,,,,,,,,,,,,,,,,,,,,,,,,,,
"BRANDL, LINUS","5' 11""",187,CENTER,MANNHEIM JR.,GERMANY-JR.,,,,,,,,,,,,,,,,,,,,,,,,,,,,,,,,,,,,,,,,,,,,,,,,,,,,,,,,,,,,,,,,,,,,
"SEBASTIAN, ELI","5' 11""",185,CENTER,GREEN BAY,USHL,,,,,,,,,,,,,,,,,,,,,,,,,,,,,,,,,,,,,,,,,,,,,,,,,,,,,,,,,,,,,,,,,,,,
"JOHNSEN, MARTIN","5' 10""",179,CENTER,FARJESTAD JR.,SWEDEN-JR.,,,,,,,,,,,,,,,,,,,,,,,,,,,,,,,,,,,,,,,,,,,,,,,,,,,,,,,,,,,,,,,,,,,,
"ZEHNDER, LENN","5' 8""",170,RIGHT WING,GCK ZURICH JR.,SWISS-JR.,,,,,,,,,,,,,,,,,,,,,,,,,,,,,,,,,,,,,,,,,,,,,,,,,,,,,,,,,,,,,,,,,,,,
"PANOCHA, NORWIN","6' 1""",178,DEFENSEMAN,EISBAREN BERLIN JR.,GERMANY-JR.,,,,,,,,,,,,,,,,,,,,,,,,,,,,,,,,,,,,,,,,,,,,,,,,,,,,,,,,,,,,,203,,,,,,,
"BIALY, SIMON","5' 11""",174,DEFENSEMAN,VITKOVICE JR.,CZECHIA-JR.,,,,,,,,,,,,,,,,,,,,,,,,,,,,,,,,,,,,,,,,,,,,,,,,,,,,,,,,,,,,,,,,,,,,
"UCHACZ, KAI","6' 2""",194,RIGHT WING,RED DEER,WHL,,,,,,,,,,,,,,,,,,,,,,,,,,,,,,,,,,,,,,,,,,,,,,,,,,,,,,,,,,,,,,,,,,,,
"BAU, SAMU","6' 5""",214,CENTER,ILVES,FINLAND,,,,,,,,,,,,,,,,,,,,,,,,,,,,,,,,,,,,,,,,,,,,,,,,,,,,,,,,,,,,,,,,,,,,
"ZAITSEV, ALEXEI","5' 10""",146,CENTER,DYNAMO MOSCOW JR.,RUSSIA-JR.,,,,,,,,,,,,,,,,,,,,,,,,,,,,,,,,,,,,,,,,,,,,,,,,,,,,,,,,,,,,,,,,,,,,
"PIONK, AARON","6' 1""",170,DEFENSEMAN,WATERLOO,USHL,,,,,,,,,,,,,,,,,,,,,,,,,,,,,,,,,,,,,,,,,,,,,,,,,,,,,,,,,,,,,222,,,,,,,
"LAAKSO, ELMERI","6' 1""",191,DEFENSEMAN,SAIPA,FINLAND,,,,,,,,,,,,,,,,,,,,,,,,,,,,,,,,,,,,,,,,,,,,,,,,,,,,,,,,,,,,,211,,,,,,,
"PASHCHENKO, MAXIM","6' 2""",176,DEFENSEMAN,KHANTY-MANSIYSK JR.,RUSSIA-JR.,,,,,,,,,,,,,,,,,,,,,,,,,,,,,,,,,,,,,,,,,,,,,,,,,,,,,,,,,,,,,,,,,,,,
"NOIVA, NESTOR","6' 0""",176,RIGHT WING,JOKERIT JR.,FINLAND-JR.,,,,,,,,,,,,,,,,,,,,,,,,,,,,,,,,,,,,,,,,,,,,,,,,,,,,,,,,,,,,,,,,,,,,
"RYABOV, IVAN","5' 11""",185,CENTER,KRYLJA SOVETOV JR.,RUSSIA-JR.,,,,,,,,,,,,,,,,,,,,,,,,,,,,,,,,,,,,,,,,,,,,,,,,,,,,,,,,,,,,,,,,,,,,
"KRALOVIC, TOMAS","6' 3""",198,DEFENSEMAN,SLOVAKIA U18 (SVK-2),SLOVAKIA-2,,,,,,,,,,,,,,,,,,,,,,,,,,,,,,,,,,,,,,,,,,,,,,,,,,,,,,,,,,,,,,,,,,,,
"BLAIS-SAVOIE, PHILIPPE","6' 0""",185,DEFENSEMAN,TRI-CITY,USHL,,,,,,,,,,,,,,,,,,,,,,,,,,,,,,,,,,,,,,,,,,,,,,,,,,,,,,,,,,,,,,,,,,,,
"RAUTIAINEN, BENJAMIN","5' 11""",165,RIGHT WING,TAPPARA JR.,FINLAND-JR.,,,,,,,,,,,,,,,,,,,,,,,,,,,,,,,,,,,,,,,,,,,,,,,,,,,,,,,,,,,,,,,,,,,,
"KESKINEN, OIVA","6' 0""",180,CENTER,TAPPARA JR.,FINLAND-JR.,,,,,,,,,,,,,,,,,,,,,,,,,,,,,,,,,,,,,,,,,,,,,,,,,,,,,,,,,,,,,,,,,,,,
"ROSSMY, BENNET","6' 3""",210,LEFT WING,EISBAREN BERLIN,GERMANY,,,,,,,,,,,,,,,,,,,,,,,,,,,,,,,,,,,,,,,,,,,,,,,,,,,,,,,,,,,,,,,,,,,,
"CECH, DOMINIK","6' 2""",202,RIGHT WING,LITVINOV JR.,CZECHIA-JR.,,,,,,,,,,,,,,,,,,,,,,,,,,,,,,,,,,,,,,,,,,,,,,,,,,,,,,,,,,,,,,,,,,,,
"PELOSI, CHRISTOPHER","6' 1""",181,CENTER,SIOUX FALLS,USHL,,,,,,,,,,,,,,,,,,,,,,,,,,,,,,,,,,,,,,,,,,,,,,,,,,,,,,,,,,,,,,,,,,,,
"SEPPANEN, NIKLAS","6' 0""",187,DEFENSEMAN,KARPAT JR.,FINLAND-JR.,,,,,,,,,,,,,,,,,,,,,,,,,,,,,,,,,,,,,,,,,,,,,,,,,,,,,,,,,,,,,,,,,,,,
"MACPHERSON, CONNOR","6' 0""",168,RIGHT WING,LEAMINGTON,GOJHL,,,,,,,,,,,,,,,,,,,,,,,,,,,,,,,,,,,,,,,,,,,,,,,,,,,,,,,,,,,,,,,,,,,,
"TICHACEK, JIRI","5' 9""",170,DEFENSEMAN,KLADNO,CZECHIA,,,,,,,,,,,,,,,,,,,,,,,,,,,,,,,,,,,,,,,,,,,,,,,,,,,,,,,,,,,,,,,,,,,,
"XHEKAJ, FLORIAN","6' 2""",175,LEFT WING,HAMILTON,OHL,,,,,,,,,,,,,,,,,,,,,,,,,,,,,,,,,,,,,,,,,,,,,,,,,,,,,,,,,,,,,,,,,,,,
"BERGGREN, HERMAN","6' 4""",201,DEFENSEMAN,LINKOPING JR.,SWEDEN-JR.,,,,,,,,,,,,,,,,,,,,,,,,,,,,,,,,,,,,,,,,,,,,,,,,,,,,,,,,,,,,,,,,,,,,
"COTE, CHARLES","6' 6""",186,DEFENSEMAN,RIMOUSKI,QMJHL,,,,,,,,,,,,,,,,,,,,,,,,,,,,,,,,,,,,,,,,,,,,,,,,,,,,,,,,,,,,,,,,,,,,
"ANDONOVSKI, MATTHEW","6' 2""",200,DEFENSEMAN,KITCHENER,OHL,,,,,,,,,,,,,,,,,,,,,,,,,,,,,,,,,,,,,,,,,,,,,,,,,,,,,,,,,,,,,,,,,,,,
"BRADY, MORGAN","6' 1""",188,DEFENSEMAN,SPRUCE GROVE,AJHL,,,,,,,,,,,,,,,,,,,,,,,,,,,,,,,,,,,,,,,,,,,,,,,,,,,,,,,,,,,,,,,,,,,,
"PETROVSKI, JAMES","6' 3""",187,DEFENSEMAN,OWEN SOUND,OHL,,,,,,,,,,,,,,,,,,,,,,,,,,,,,,,,,,,,,,,,,,,,,,,,,,,,,,,,,,,,,,,,,,,,
"SHARP, ZACHARY","6' 0""",173,DEFENSEMAN,CEDAR RAPIDS,USHL,,,,,,,,,,,,,,,,,,,,,,,,,,,,,,,,,,,,,,,,,,,,,,,,,,,,,,,,,,,,,,,,,,,,
"NASSEN, CASPER","6' 4""",205,RIGHT WING,VASTERAS JR.,SWEDEN-JR.,,,,,,,,,,,,,,,,,,,,,,,,,,,,,,,,,,,,,,,,,,,,,,,,,,,,,,,,,,,,,,,,,,,,
"TALVIKUNNAS, NIKLAS","6' 4""",203,DEFENSEMAN,HPK JR.,FINLAND-JR.,,,,,,,,,,,,,,,,,,,,,,,,,,,,,,,,,,,,,,,,,,,,,,,,,,,,,,,,,,,,,,,,,,,,
"JANSSON, ELIAS","6' 0""",183,LEFT WING,KARPAT JR.,FINLAND-JR.,,,,,,,,,,,,,,,,,,,,,,,,,,,,,,,,,,,,,,,,,,,,,,,,,,,,,,,,,,,,,,,,,,,,
"VYHLIDAL, RADEK","5' 9""",159,DEFENSEMAN,LITVINOV JR.,CZECHIA-JR.,,,,,,,,,,,,,,,,,,,,,,,,,,,,,,,,,,,,,,,,,,,,,,,,,,,,,,,,,,,,,,,,,,,,
"NEVERS, JACKSON","6' 0""",202,CENTER,EDINA,HIGH-MN,,,,,,,,,,,,,,,,,,,,,,,,,,,,,,,,,,,,,,,,,,,,,,,,,,,,,,,,,,,,,,,,,,,,
"PARICKA, ANDREJ","6' 2""",167,CENTER,SLOVAKIA U18 (SVK-2),SLOVAKIA-2,,,,,,,,,,,,,,,,,,,,,,,,,,,,,,,,,,,,,,,,,,,,,,,,,,,,,,,,,,,,,,,,,,,,
"HARVEY, JACK","5' 10""",175,CENTER,CHICAGO,USHL,,,,,,,,,,,,,,,,,,,,,,,,,,,,,,,,,,,,,,,,,,,,,,,,,,,,,,,,,,,,,,,,,,,,
"SHAHAN, KADEN","5' 10""",162,RIGHT WING,SIOUX CITY,USHL,,,,,,,,,,,,,,,,,,,,,,,,,,,,,,,,,,,,,,,,,,,,,,,,,,,,,,,89,,,,,,,,,,,,,
"CONWAY, COOPER","6' 0""",162,LEFT WING,ANDOVER,HIGH-MN,,,,,,,,,,,,,,,,,,,,,,,,,,,,,,,,,,,,,,,,,,,,,,,,,,,,,,,,,,,,,,,,,,,,
"CASEY, CAYDEN","6' 0""",175,CENTER,ANDOVER,HIGH-MN,,,,,,,,,,,,,,,,,,,,,,,,,,,,,,,,,,,,,,,,,,,,,,,,,,,,,,,,,,,,,,,,,,,,
"CHADWICK, NOAH","6' 4""",187,DEFENSEMAN,LETHBRIDGE,WHL,,,,,,,,,,,,,,,,,,,,,,,,,,,,,,,,,,,,,,,,,,,,,,,,,,,,,,,,,,,,,,,,,,,132,
"SMITH, BLAKE","6' 4""",205,DEFENSEMAN,FLINT,OHL,,,,,,,,,,,,,,,,,,,,,,,,,,,,,,,,,,,,,,,,,,,,,,,,,,,,,,,,,,,,,,,,,,,,
"KOERING, RYAN","6' 3""",184,DEFENSEMAN,EDEN PRAIRIE,HIGH-MN,,,,,,,,,,,,,,,,,,,,,,,,,,,,,,,,,,,,,,,,,,,,,,,,,,,,,,,,,,,,,,,,,,,,
"KEOHANE, SEAN","6' 4""",182,DEFENSEMAN,DEXTER SCHOOL,HIGH-MA,,,,,,,,,,,,,,,,,,,,,,,,,,,,,,,,,,,,,,,,,,,,,,,,,,,,,,,,,,,,,,,,,,,,
"JULIEN, JACOB","6' 4""",181,CENTER,LONDON,OHL,,,,,,,,,,,,,,,,,,,,,,,,,,,,,,,,,,,,,,,,,,,,,,,,,,,,,,,,,,,,,,,,,,,,
"VANTASSELL, NICHOLAS","6' 4""",196,RIGHT WING,GREEN BAY,USHL,,,,,,,,,,,,,,,,,,,,,,,,,,,,,,,,,,,,,,,,,,,,,,,,,,,,,,,,,,,,,,,,,,,,
"PERKINS, MATTHEW","5' 11""",156,CENTER,YOUNGSTOWN,USHL,,,,,,,,,,,,,,,,,,,,,,,,,,,,,,,,,,,,,,,,,,,,,,,,,,,,,,,,,,,,,,,,,,,,
"CAMPBELL, TY","6' 1""",189,DEFENSEMAN,SMITHS FALLS,CCHL,,,,,,,,,,,,,,,,,,,,,,,,,,,,,,,,,,,,,,,,,,,,,,,,,,,,,,,,,,,,,,,,,,,,
"CLARK, WARREN","6' 3""",195,DEFENSEMAN,STEINBACH,MJHL,,,,,,,,,,,,,,,,,,,,,,,,,,,,,,,,,,,,,,,,,,,,,,,,,,,,,,,,,,,,,,,,,,,,
"GARDULA, ETHAN","6' 1""",178,LEFT WING,CUSHING ACADEMY,HIGH-MA,,,,,,,,,,,,,,,,,,,,,,,,,,,,,,,,,,,,,,,,,,,,,,,,,,,,,,,,,,,,,,,,,,,,
"VIDICEK, MARKUS","5' 9""",159,CENTER,HALIFAX,QMJHL,,,,,,,,,,,,,,,,,,,,,,,,,,,,,,,,,,,,,,,,,,,,,,,,,,,,,,,81,,,,,,,,,,,,,
"BOWMAN, BRAEDEN","6' 1""",204,RIGHT WING,GUELPH,OHL,,,,,,,,,,,,,,,,,,,,,,,,,,,,,,,,,,,,,,,,,,,,,,,,,,,,,,,,,,,,,201,,,,,,,
"TOURE, DJIBRIL","6' 6""",198,DEFENSEMAN,SUDBURY,OHL,,,,,,,,,,,,,,,,,,,,,,,,,,,,,,,,,,,,,,,,,,,,,,,,,,,,,,,,,,,,,,,,,,,,
"LEGAULT, CHARLES-ALEXIS","6' 3""",208,DEFENSEMAN,QUINNIPIAC,ECAC,,,,,,,,,,,,,,,,,,,,,,,,,,,,,,,,,,,,,,,,,,,,,,,,,,,,,,,,,,,,,,,,,,,,
"GOLDSMITH, TERRELL","6' 4""",223,DEFENSEMAN,PRINCE ALBERT,WHL,,,,,,,,,,,,,,,,,,,,,,,,,,,,,,,,,,,,,,,,,,,,,,,,,,,,,,,,,,,,,,,,,,,,
"HARKIMO, DAN","6' 0""",160,RIGHT WING,SELECTS U18 - SOUTH KENT,HIGH-CT,,,,,,,,,,,,,,,,,,,,,,,,,,,,,,,,,,,,,,,,,,,,,,,,,,,,,,,,,,,,,,,,,,,,
"ABLE, CHRIS","6' 1""",200,DEFENSEMAN,CHICAGO,USHL,,,,,,,,,,,,,,,,,,,,,,,,,,,,,,,,,,,,,,,,,,,,,,,,,,,,,,,,,,,,,,,,,,,,
"KLEE, DAVID","6' 3""",188,CENTER,WATERLOO,USHL,,,,,,,,,,,,,,,,,,,,,,,,,,,,,,,,,,,,,,,,,,,,,,,,,,,,,,,,,,,,,,,,,,,,
"PIRTLE, CHASE","6' 2""",183,RIGHT WING,MOUNT ST. CHARLES,HIGH-RI,,,,,,,,,,,,,,,,,,,,,,,,,,,,,,,,,,,,,,,,,,,,,,,,,,,,,,,,,,,,,,,,,,,,
"DELIC, KOCHA","5' 10""",190,CENTER,SUDBURY,OHL,,,,,,,,,,,,,,,,,,,,,,,,,,,,,,,,,,,,,,,,,,,,,,,,,,,,,,,,,,,,,,,,,,,,
"COURT, SAM","5' 10""",181,DEFENSEMAN,BROOKS,AJHL,,,,,,,,,,,,,,,,,,,,,,,,,,,,,,,,,,,,,,,,,,,,,,,,,,,,,,,,,,,,,,,,,,,,
"ROBERTSON, BENJAMIN","5' 10""",183,DEFENSEMAN,WATERLOO,USHL,,,,,,,,,,,,,,,,,,,,,,,,,,,,,,,,,,,,,,,,,,,,,,,,,,,,,,,74,,,,,,,,,,,,,
"BRADSHAW, SEBASTIAN","6' 3""",196,LEFT WING,ELITE HOCKEY ACADEMY 18U,USMAAAE,,,,,,,,,,,,,,,,,,,,,,,,,,,,,,,,,,,,,,,,,,,,,,,,,,,,,,,,,,,,,,,,,,,,
"DANEAULT, TY","5' 11""",185,RIGHT WING,DRUMHELLER,AJHL,,,,,,,,,,,,,,,,,,,,,,,,,,,,,,,,,,,,,,,,,,,,,,,,,,,,,,,,,,,,,,,,,,,,
"PELLERIN, MAXIME","5' 11""",183,RIGHT WING,VICTORIAVILLE,QMJHL,,,,,,,,,,,,,,,,,,,,,,,,,,,,,,,,,,,,,,,,,,,,,,,,,,,,,,,,,,,,,,,,,,,,
"CHRISTOPOULOS, ALEX","5' 11""",195,RIGHT WING,WINDSOR,OHL,,,,,,,,,,,,,,,,,,,,,,,,,,,,,,,,,,,,,,,,,,,,,,,,,,,,,,,,,,,,,,,,,,,,
"MARTINO, GIACOMO","5' 10""",170,LEFT WING,ST. MICHAELS,OJHL,,,,,,,,,,,,,,,,,,,,,,,,,,,,,,,,,,,,,,,,,,,,,,,,,,,,,,,,,,,,,,,,,,,,
"O'MALLEY, BRADY","6' 2""",197,DEFENSEMAN,VICTORY HONDA U18,USMAAAE,,,,,,,,,,,,,,,,,,,,,,,,,,,,,,,,,,,,,,,,,,,,,,,,,,,,,,,,,,,,,,,,,,,,
"MAYO, HUNTER","6' 1""",196,DEFENSEMAN,RED DEER,WHL,,,,,,,,,,,,,,,,,,,,,,,,,,,,,,,,,,,,,,,,,,,,,,,,,,,,,,,,,,,,,,,,,,,,
"FITZGERALD, KEVIN","5' 11""",180,DEFENSEMAN,SIOUX CITY,USHL,,,,,,,,,,,,,,,,,,,,,,,,,,,,,,,,,,,,,,,,,,,,,,,,,,,,,,,,,,,,,,,,,,,,
"MILLER, COLE","6' 4""",174,CENTER,EDMONTON,WHL,,,,,,,,,,,,,,,,,,,,,,,,,,,,,,,,,,,,,,,,,,,,,,,,,,,,,,,,,,,,,,,,,,,,
"MOORE, LUCAS","5' 10""",180,DEFENSEMAN,HAMILTON,OHL,,,,,,,,,,,,,,,,,,,,,,,,,,,,,,,,,,,,,,,,,,,,,,,,,,,,,,,,,,,,,,,,,,,,
"WATTERODT, VAUGHN","5' 11""",183,LEFT WING,SASKATOON,WHL,,,,,,,,,,,,,,,,,,,,,,,,,,,,,,,,,,,,,,,,,,,,,,,,,,,,,,,,,,,,,,,,,,,,
"MACPHERSON, RYAN","6' 0""",167,CENTER,LEAMINGTON,GOJHL,,,,,,,,,,,,,,,,,,,,,,,,,,,,,,,,,,,,,,,,,,,,,,,,,,,,,,,,,,,,,,,,,,,,
"WOLFENBERG, NICHOLAS","6' 1""",212,DEFENSEMAN,OKOTOKS,AJHL,,,,,,,,,,,,,,,,,,,,,,,,,,,,,,,,,,,,,,,,,,,,,,,,,,,,,,,,,,,,,,,,,,,,
"HARRIS, SAM","5' 11""",180,LEFT WING,SIOUX FALLS,USHL,,,,,,,,,,,,,,,,,,,,,,,,,,,,,,,,,,,,,,,,,,,,,,,,,,,,,,,,,,,,,,,,,,,,
"MANGONE, CALEM","5' 9""",160,RIGHT WING,SAGINAW,OHL,,,,,,,,,,,,,,,,,,,,,,,,,,,,,,,,,,,,,,,,,,,,,,,,,,,,,,,,,,,,,,,,,,,,
"CHRISTENSON, CADE","6' 3""",181,DEFENSEMAN,SHERWOOD PARK,AJHL,,,,,,,,,,,,,,,,,,,,,,,,,,,,,,,,,,,,,,,,,,,,,,,,,,,,,,,,,,,,,,,,,,,,
"MONTGOMERY, BLAKE","6' 3""",174,CENTER,MOUNT ST. CHARLES,HIGH-RI,,,,,,,,,,,,,,,,,,,,,,,,,,,,,,,,,,,,,,,,,,,,,,,,,,,,,,,,,,,,,,,,,,,,
"CONSTANCE, SETH","6' 2""",180,DEFENSEMAN,TRI-CITY,USHL,,,,,,,,,,,,,,,,,,,,,,,,,,,,,,,,,,,,,,,,,,,,,,,,,,,,,,,,,,,,,,,,,,,,
"THORPE, TYLER","6' 4""",194,RIGHT WING,VANCOUVER,WHL,,,,,,,,,,,,,,,,,,,,,,,,,,,,,,,,,,,,,,,,,,,,,,,,,,,,,,,,,,,,,,,,,,,,
"ROCAK, MAREK","5' 10""",176,DEFENSEMAN,KELOWNA,WHL,,,,,,,,,,,,,,,,,,,,,,,,,,,,,,,,,,,,,,,,,,,,,,,,,,,,,,,,,,,,,,,,,,,,
"CRNKIC, MAI","5' 11""",183,CENTER,BRYNAS JR.,SWEDEN-JR.,,,,,,,,,,,,,,,,,,,,,,,,,,,,,,,,,,,,,,,,,,,,,,,,,,,,,,,,,,,,,,,,,,,,
"RAJEK, STEPAN","6' 3""",209,DEFENSEMAN,PARDUBICE JR.,CZECHIA-JR.,,,,,,,,,,,,,,,,,,,,,,,,,,,,,,,,,,,,,,,,,,,,,,,,,,,,,,,,,,,,,,,,,,,,
"SIMA, NICHOLAS","6' 2""",190,RIGHT WING,SAGINAW,OHL,,,,,,,,,,,,,,,,,,,,,,,,,,,,,,,,,,,,,,,,,,,,,,,,,,,,,,,,,,,,,,,,,,,,
"SCHILLER, JOE","5' 11""",189,DEFENSEMAN,CEDAR RAPIDS,USHL,,,,,,,,,,,,,,,,,,,,,,,,,,,,,,,,,,,,,,,,,,,,,,,,,,,,,,,,,,,,,,,,,,,,
"HONG, JAMES","5' 9""",175,LEFT WING,WATERLOO,USHL,,,,,,,,,,,,,,,,,,,,,,,,,,,,,,,,,,,,,,,,,,,,,,,,,,,,,,,,,,,,,,,,,,,,
"RYBAKOV, ALEXANDER","6' 2""",199,DEFENSEMAN,SIOUX FALLS,USHL,,,,,,,,,,,,,,,,,,,,,,,,,,,,,,,,,,,,,,,,,,,,,,,,,,,,,,,,,,,,,,,,,,,,
"BARLAS, CHRISTOPHER","5' 9""",183,CENTER,OTTAWA,OHL,,,,,,,,,,,,,,,,,,,,,,,,,,,,,,,,,,,,,,,,,,,,,,,,,,,,,,,,,,,,,,,,,,,,
"SEMENIUK, ETHAN","5' 11""",175,RIGHT WING,VANCOUVER,WHL,,,,,,,,,,,,,,,,,,,,,,,,,,,,,,,,,,,,,,,,,,,,,,,,,,,,,,,,,,,,,,,,,,,,
"BEAULAC, ALEXIS","6' 4""",179,DEFENSEMAN,SHAWINIGAN,QMJHL,,,,,,,,,,,,,,,,,,,,,,,,,,,,,,,,,,,,,,,,,,,,,,,,,,,,,,,,,,,,,,,,,,,,
"DAVIS, NATHANIEL","6' 1""",187,DEFENSEMAN,BURLINGTON,OJHL,,,,,,,,,,,,,,,,,,,,,,,,,,,,,,,,,,,,,,,,,,,,,,,,,,,,,,,,,,,,,,,,,,,,
"EKE, CAMERON","6' 2""",182,DEFENSEMAN,COLLINGWOOD,OJHL,,,,,,,,,,,,,,,,,,,,,,,,,,,,,,,,,,,,,,,,,,,,,,,,,,,,,,,,,,,,,,,,,,,,
"ODYNIEC, JOSEPH","6' 1""",201,RIGHT WING,AVON OLD FARMS,HIGH-CT,,,,,,,,,,,,,,,,,,,,,,,,,,,,,,,,,,,,,,,,,,,,,,,,,,,,,,,,,,,,,,,,,,,,
"MIGNOSA, MARCO","5' 11""",171,RIGHT WING,SAULT STE. MARIE,OHL,,,,,,,,,,,,,,,,,,,,,,,,,,,,,,,,,,,,,,,,,,,,,,,,,,,,,,,,,,,,,,,,,,,,
"SLOAN, JAKE","6' 3""",216,CENTER,TRI-CITY,WHL,,,,,,,,,,,,,,,,,,,,,,,,,,,,,,,,,,,,,,,,,,,,,,,,,,,,,,,,,,,,,,,,,,,,
"TOBEY, NATHAN","6' 0""",171,DEFENSEMAN,USA U-17,NTDP,,,,,,,,,,,,,,,,,,,,,,,,,,,,,,,,,,,,,,,,,,,,,,,,,,,,,,,,,,,,,,,,,,,,
"FORGIONE, PETER","6' 2""",203,DEFENSEMAN,SAGINAW,OHL,,,,,,,,,,,,,,,,,,,,,,,,,,,,,,,,,,,,,,,,,,,,,,,,,,,,,,,,,,,,,,,,,,,,
"KENNEDY, WYATT","6' 5""",186,DEFENSEMAN,NORTH BAY,OHL,,,,,,,,,,,,,,,,,,,,,,,,,,,,,,,,,,,,,,,,,,,,,,,,,,,,,,,,,,,,,,,,,,,,
"LODEWYK, HARRISON","5' 10""",185,LEFT WING,PRINCE ALBERT,WHL,,,,,,,,,,,,,,,,,,,,,,,,,,,,,,,,,,,,,,,,,,,,,,,,,,,,,,,,,,,,,,,,,,,,
"ZHUGIN, VALENTIN","5' 11""",178,LEFT WING,GUELPH,OHL,,,,,,,,,,,,,,,,,,,,,,,,,,,,,,,,,,,,,,,,,,,,,,,,,,,,,,,,,,,,,,,,,,,,
"MARTIN, MITCHELL","6' 4""",206,LEFT WING,KITCHENER,OHL,,,,,,,,,,,,,,,,,,,,,,,,,,,,,,,,,,,,,,,,,,,,,,,,,,,,,,,,,,,,,,,,,,,,
"GUNDERSON, LANDEN","6' 0""",186,CENTER,MADISON,USHL,,,,,,,,,,,,,,,,,,,,,,,,,,,,,,,,,,,,,,,,,,,,,,,,,,,,,,,,,,,,,,,,,,,,
"ST-HILAIRE, SAMUEL","6' 2""",177,GOALIE,SHERBROOKE,QMJHL,,,,,,,,,,,,,,,,,,,,,,,,,,,,,,,,,,,,,,,,,,,,,,,,,,,,,,,,,,,,,,,,,,,,
"KIESEWETTER, THOMAS","6' 4""",203,GOALIE,DANBURY JR.,NAHL,,,,,,,,,,,,,,,,,,,,,,,,,,,,,,,,,,,,,,,,,,,,,,,,,,,,,,,,,,,,,,,,,,,,
"CHAMBRE, MICHAEL","6' 2""",173,GOALIE,USA U-18,NTDP,,,,,,,,,,,,,,,,,,,,,,,,,,,,,,,,,,,,,,,,,,,,,,,,,,,,,,,,,,,,,,,,,,,,
"MENEGHIN, HARRISON","6' 3""",164,GOALIE,LETHBRIDGE,WHL,,,,,,,,,,,,,,,,,,,,,,,,,,,,,,,,,,,,,,,,,,,,,,,,,,,,,,,,,,,,,,,,,,,,
"SPICER, JACK","6' 0""",177,GOALIE,WATERLOO,USHL,,,,,,,,,,,,,,,,,,,,,,,,,,,,,,,,,,,,,,,,,,,,,,,,,,,,,,,,,,,,,,,,,,,,
"SMITH, ARTHUR","6' 3""",203,GOALIE,LONE STAR,NAHL,,,,,,,,,,,,,,,,,,,,,,,,,,,,,,,,,,,,,,,,,,,,,,,,,,,,,,,,,,,,,,,,,,,,
"KAVAN, JAN","6' 1""",170,GOALIE,BRNO JR.,CZECHIA-JR.,,,,,,,,,,,,,,,,,,,,,,,,,,,,,,,,,,,,,,,,,,,,,,,,,,,,,,,,,,,,,,,,,,,,